ticker,date,open,high,low,close
YFI,2020-07-22,1023.59,1496.99,940.88,1202.4
YFI,2020-07-23,1202.4,2243.06,1124.04,1899.86
YFI,2020-07-24,1899.86,3251.39,1703.4,3149.15
YFI,2020-07-25,3149.15,4803.8,2702.7,3401.91
YFI,2020-07-26,3401.91,3432.0,2183.18,3153.15
YFI,2020-07-27,3153.15,3210.49,2173.34,2924.21
YFI,2020-07-28,2924.21,3578.57,2515.22,3537.67
YFI,2020-07-29,3537.67,5255.25,3402.4,4635.07
YFI,2020-07-30,4635.07,4708.4,3896.11,4409.8
YFI,2020-07-31,4215.0,4400.0,3375.0,4225.0
YFI,2020-08-01,4229.87,4520.0,3800.0,3800.0
YFI,2020-08-02,3800.0,4148.34,3498.6,4098.36
YFI,2020-08-03,4098.36,4350.0,3632.65,3862.77
YFI,2020-08-04,3862.77,3977.1,3550.0,3688.63
YFI,2020-08-05,3688.63,4264.26,3581.36,4186.85
YFI,2020-08-06,4225.0,5050.0,4035.0,4775.0
YFI,2020-08-07,4775.0,5610.0,3530.0,4345.0
YFI,2020-08-08,4269.81,5000.0,4030.61,4599.0
YFI,2020-08-09,4599.0,4694.69,3776.0,4000.0
YFI,2020-08-10,4000.0,7381.0,3881.43,6258.43
YFI,2020-08-11,6258.43,6764.99,5698.52,6036.9
YFI,2020-08-12,6036.9,6116.71,5254.39,5751.01
YFI,2020-08-13,5751.01,5826.35,3050.26,5357.64
YFI,2020-08-14,5357.64,5357.64,4685.62,5021.12
YFI,2020-08-15,5021.12,5454.95,4165.19,5418.93
YFI,2020-08-16,5418.93,6743.19,5175.24,6664.63
YFI,2020-08-17,6664.63,9114.19,6357.92,8919.98
YFI,2020-08-18,8919.98,12797.9,8704.46,9665.48
YFI,2020-08-19,9665.48,12775.4,9600.02,12599.3
YFI,2020-08-20,12599.3,16687.3,11430.1,15290.3
YFI,2020-08-21,15290.3,15589.7,11780.4,12249.4
YFI,2020-08-22,12249.4,14437.8,11127.4,14047.7
YFI,2020-08-23,14047.7,14113.2,12013.2,12584.2
YFI,2020-08-24,12584.2,14513.1,12170.4,14507.1
YFI,2020-08-25,14507.1,14785.4,12742.6,13525.1
YFI,2020-08-26,13525.1,16378.2,13215.2,15692.6
YFI,2020-08-27,15692.6,15912.8,13977.8,14201.3
YFI,2020-08-28,14201.3,19513.4,14039.0,18864.9
YFI,2020-08-29,18864.9,27561.1,17877.3,27473.4
YFI,2020-08-30,27473.4,38888.6,26933.4,31732.5
YFI,2020-08-31,31732.5,39680.5,29764.2,34874.7
YFI,2020-09-01,34874.7,36813.9,31532.3,32003.2
YFI,2020-09-02,32003.2,32781.9,25901.9,32007.8
YFI,2020-09-03,32007.8,33365.5,27888.4,29483.5
YFI,2020-09-04,29483.5,31548.0,23988.4,27376.6
YFI,2020-09-05,27376.6,28761.9,18179.7,22197.5
YFI,2020-09-06,22197.5,25407.5,19465.1,23844.5
YFI,2020-09-07,23844.5,24633.7,20576.4,22993.6
YFI,2020-09-08,22993.6,23515.4,21103.6,22521.6
YFI,2020-09-09,22521.6,29303.8,21609.4,27651.2
YFI,2020-09-10,27651.2,34954.6,27527.6,34076.7
YFI,2020-09-11,34076.7,38327.2,31428.2,38140.7
YFI,2020-09-12,38140.7,43978.8,36353.2,43240.6
YFI,2020-09-13,43240.6,43282.4,32527.2,36858.1
YFI,2020-09-14,36858.1,42231.4,34909.1,39900.2
YFI,2020-09-15,39900.2,41528.8,35212.5,35374.1
YFI,2020-09-16,35374.1,37165.3,30635.9,34894.6
YFI,2020-09-17,34894.6,36693.8,29665.7,33271.0
YFI,2020-09-18,33271.0,34731.6,31339.6,33057.1
YFI,2020-09-19,33057.1,33199.5,27931.2,30976.6
YFI,2020-09-20,30976.6,30976.6,26269.1,28084.4
YFI,2020-09-21,28084.4,28416.0,21819.1,24011.0
YFI,2020-09-22,24011.0,26890.5,22771.7,25041.7
YFI,2020-09-23,25041.7,26242.9,21144.0,21202.4
YFI,2020-09-24,21202.4,25290.8,20374.7,25264.8
YFI,2020-09-25,25264.8,27523.8,23280.8,26831.4
YFI,2020-09-26,26831.4,31911.0,26046.9,31687.6
YFI,2020-09-27,31687.6,34195.3,28305.7,30672.6
YFI,2020-09-28,30672.6,31342.3,27659.9,28513.9
YFI,2020-09-29,28513.9,28919.9,23566.4,25075.8
YFI,2020-09-30,25075.8,25106.6,21942.5,23852.9
YFI,2020-10-01,23852.9,26222.9,21794.1,22837.6
YFI,2020-10-02,22837.6,23256.6,19090.9,21080.5
YFI,2020-10-03,21080.5,21708.1,18639.6,18881.7
YFI,2020-10-04,18881.7,20189.2,16134.0,19147.3
YFI,2020-10-05,19147.3,20402.7,17558.6,18914.8
YFI,2020-10-06,18914.8,19338.9,16189.7,16622.5
YFI,2020-10-07,16622.5,16684.1,13746.9,14895.8
YFI,2020-10-08,14895.8,17317.4,12318.6,16754.2
YFI,2020-10-09,16754.2,19432.8,15867.3,18076.4
YFI,2020-10-10,18076.4,19377.1,15897.0,16024.2
YFI,2020-10-11,16024.2,17712.6,15143.0,16927.8
YFI,2020-10-12,16927.8,17477.4,15750.7,16536.8
YFI,2020-10-13,16536.8,16701.2,15306.7,15646.3
YFI,2020-10-14,15646.3,16086.5,13761.2,14590.5
YFI,2020-10-15,14590.5,15783.7,13963.3,14629.8
YFI,2020-10-16,14629.8,14629.8,13420.2,13434.7
YFI,2020-10-17,13434.7,14157.5,13161.4,14040.1
YFI,2020-10-18,14040.1,15745.9,13932.1,15445.8
YFI,2020-10-19,15445.8,15636.4,13869.3,13869.3
YFI,2020-10-20,13869.3,14230.4,12995.8,13129.5
YFI,2020-10-21,13129.5,14695.7,12974.4,13337.8
YFI,2020-10-22,13337.8,14401.1,13176.9,13733.6
YFI,2020-10-23,13733.6,14952.3,13627.7,14913.0
YFI,2020-10-24,14913.0,15483.9,14557.7,14897.8
YFI,2020-10-25,14897.8,14897.8,14167.3,14303.3
YFI,2020-10-26,14303.3,14568.8,13224.5,13615.1
YFI,2020-10-27,13615.1,14180.8,13332.8,13386.9
YFI,2020-10-28,13386.9,13599.5,12072.5,12567.5
YFI,2020-10-29,12567.5,12947.7,10548.7,10835.9
YFI,2020-10-30,10835.9,11984.7,9678.29,11024.1
YFI,2020-10-31,11024.1,11425.4,10271.7,10504.9
YFI,2020-11-01,10504.9,11049.5,10025.3,10706.1
YFI,2020-11-02,10706.1,11232.6,10041.5,10115.2
YFI,2020-11-03,10115.2,10247.7,9346.57,9403.63
YFI,2020-11-04,9403.63,9718.11,8389.02,8581.43
YFI,2020-11-05,8581.43,9941.42,7472.39,8489.66
YFI,2020-11-06,8489.66,11931.7,8424.96,11814.7
YFI,2020-11-07,11814.7,17146.6,11814.7,14330.3
YFI,2020-11-08,14330.3,15977.4,13429.6,15121.7
YFI,2020-11-09,15121.7,15637.9,13891.7,15004.2
YFI,2020-11-10,15004.2,18877.8,14575.6,18262.9
YFI,2020-11-11,18262.9,19276.5,15710.4,16661.9
YFI,2020-11-12,16661.9,17163.6,14920.0,15442.9
YFI,2020-11-13,15442.9,18404.3,15153.0,17844.0
YFI,2020-11-14,17844.0,17880.4,16084.8,17147.4
YFI,2020-11-15,17147.4,18407.5,16543.9,17592.7
YFI,2020-11-16,17592.7,19096.3,16948.8,18506.7
YFI,2020-11-17,18506.7,24814.5,18445.1,23902.8
YFI,2020-11-18,23902.8,26089.2,20936.0,25379.7
YFI,2020-11-19,25379.7,29688.4,24229.2,27829.3
YFI,2020-11-20,27829.3,29874.3,25665.3,26501.0
YFI,2020-11-21,26501.0,27710.4,23401.5,24364.4
YFI,2020-11-22,24364.4,27111.2,21416.4,24428.2
YFI,2020-11-23,24428.2,26311.7,23216.8,25180.6
YFI,2020-11-24,25180.6,26353.7,23392.4,24746.8
YFI,2020-11-25,24746.8,24856.8,21570.4,22345.8
YFI,2020-11-26,22345.8,23388.6,18305.4,23379.4
YFI,2020-11-27,23379.4,25554.0,22266.9,23480.2
YFI,2020-11-28,23480.2,24444.5,22583.7,23398.0
YFI,2020-11-29,23398.0,24964.6,22930.3,24636.0
YFI,2020-11-30,24636.0,26889.0,24596.1,26452.7
YFI,2020-12-01,26452.7,28289.4,24566.5,25689.3
YFI,2020-12-02,25689.3,31773.4,25390.3,30370.1
YFI,2020-12-03,30370.1,31322.3,28497.1,29675.2
YFI,2020-12-04,29675.2,30558.1,26145.3,26485.3
YFI,2020-12-05,26485.3,29577.4,26270.9,29382.6
YFI,2020-12-06,29382.6,29530.6,27900.0,28803.0
YFI,2020-12-07,28803.0,29420.2,27951.9,28514.1
YFI,2020-12-08,28514.1,28548.4,24923.8,25463.4
YFI,2020-12-09,25463.4,26271.9,23601.3,25599.9
YFI,2020-12-10,25599.9,25833.9,23830.2,23967.4
YFI,2020-12-11,23967.4,24143.7,22065.7,23356.2
YFI,2020-12-12,23356.2,25800.0,23356.2,25377.7
YFI,2020-12-13,25377.7,27186.5,25346.6,26391.0
YFI,2020-12-14,26391.0,26391.0,25030.7,25836.4
YFI,2020-12-15,25836.4,26485.5,24634.9,24833.2
YFI,2020-12-16,24833.2,27700.6,24191.9,26995.6
YFI,2020-12-17,26995.6,28072.9,25846.7,26680.1
YFI,2020-12-18,26680.1,28664.6,26006.6,27908.3
YFI,2020-12-19,27908.3,28853.6,27283.8,27642.3
YFI,2020-12-20,27642.3,27642.3,25505.4,26151.4
YFI,2020-12-21,26151.4,27032.6,24157.3,24641.5
YFI,2020-12-22,24641.5,25283.1,22608.6,24911.5
YFI,2020-12-23,24911.5,25488.7,18538.3,20146.1
YFI,2020-12-24,20146.1,24037.2,19260.8,24004.6
YFI,2020-12-25,24004.6,25127.2,22672.8,23646.9
YFI,2020-12-26,23646.9,23832.0,21879.1,22517.3
YFI,2020-12-27,22517.3,24961.9,21621.6,22762.5
YFI,2020-12-28,22762.5,24459.6,22519.3,22773.4
YFI,2020-12-29,22773.4,23120.7,21097.8,22142.6
YFI,2020-12-30,22142.6,22724.8,21426.1,21787.7
YFI,2020-12-31,21787.7,23562.4,21156.2,22736.7
YFI,2021-01-01,22736.7,23497.0,21593.5,21899.9
YFI,2021-01-02,21899.9,22326.8,21298.4,21488.7
YFI,2021-01-03,21488.7,24897.8,20420.8,23927.1
YFI,2021-01-04,23927.1,26761.7,22072.2,23383.5
YFI,2021-01-05,23383.5,24955.8,22107.7,23801.8
YFI,2021-01-06,23801.8,25507.5,22709.9,24763.4
YFI,2021-01-07,24763.4,37145.6,24120.4,32968.1
YFI,2021-01-08,32968.1,38484.1,25683.8,34883.8
YFI,2021-01-09,34883.8,39954.0,33618.8,35893.1
YFI,2021-01-10,35893.1,38186.2,31220.5,33986.6
YFI,2021-01-11,33986.6,34067.7,25586.9,30125.3
YFI,2021-01-12,30125.3,32281.2,28230.1,29813.5
YFI,2021-01-13,29813.5,33844.7,28337.3,33570.2
YFI,2021-01-14,33570.2,34177.8,31264.2,32851.7
YFI,2021-01-15,32851.7,33630.9,28543.9,30202.0
YFI,2021-01-16,30202.0,35156.1,30201.6,33791.8
YFI,2021-01-17,33791.8,36785.2,32323.7,34582.2
YFI,2021-01-18,34582.2,40254.5,34564.6,38015.0
YFI,2021-01-19,38015.0,38445.7,33819.2,34425.7
YFI,2021-01-20,34425.7,35470.8,31324.3,34067.3
YFI,2021-01-21,34067.3,34218.1,26650.2,27875.7
YFI,2021-01-22,27875.7,32023.4,26139.6,30777.9
YFI,2021-01-23,30777.9,31532.4,29663.2,30586.0
YFI,2021-01-24,30586.0,33017.5,30312.7,32236.0
YFI,2021-01-25,32236.0,33181.8,29285.2,29336.9
YFI,2021-01-26,29336.9,30711.0,28490.8,30304.1
YFI,2021-01-27,30304.1,30395.3,27090.9,27745.4
YFI,2021-01-28,27745.4,30755.9,27400.5,29724.2
YFI,2021-01-29,29724.2,31820.2,28501.5,29972.3
YFI,2021-01-30,29972.3,32299.4,28552.0,31209.2
YFI,2021-01-31,31209.2,33533.7,29526.3,30164.3
YFI,2021-02-01,30164.3,31186.7,29285.6,31170.2
YFI,2021-02-02,31170.2,32592.8,30469.0,31758.7
YFI,2021-02-03,31758.7,34698.1,31727.0,34115.5
YFI,2021-02-04,34115.5,34974.1,29788.0,31153.9
YFI,2021-02-05,31153.9,34003.2,30433.8,32452.9
YFI,2021-02-06,32452.9,33287.2,30684.4,31603.8
YFI,2021-02-07,31603.8,31948.3,29250.6,30907.5
YFI,2021-02-08,30907.5,33721.2,30319.4,32530.5
YFI,2021-02-09,32530.5,35678.1,31610.4,35239.1
YFI,2021-02-10,35239.1,39202.3,33107.6,36406.3
YFI,2021-02-11,36406.3,45815.5,34930.1,43824.2
YFI,2021-02-12,43824.2,52658.9,43783.5,47117.4
YFI,2021-02-13,47117.4,48827.1,43548.9,47206.9
YFI,2021-02-14,47206.9,47507.2,42947.4,43413.5
YFI,2021-02-15,43413.5,44195.1,38528.8,40298.6
YFI,2021-02-16,40298.6,45477.6,39065.5,42930.0
YFI,2021-02-17,42930.0,44401.8,40025.4,43794.3
YFI,2021-02-18,43794.3,46238.5,42734.6,44299.0
YFI,2021-02-19,44299.0,45578.5,41886.6,44681.6
YFI,2021-02-20,44681.6,47988.5,39772.8,42274.0
YFI,2021-02-21,42274.0,44799.1,41313.9,43081.0
YFI,2021-02-22,43081.0,43178.0,32236.1,39200.0
YFI,2021-02-23,39200.0,39339.7,29082.6,33408.0
YFI,2021-02-24,33408.0,37041.6,31868.0,33806.1
YFI,2021-02-25,33806.1,35564.8,31425.2,31666.3
YFI,2021-02-26,31666.3,33219.5,29851.9,31131.8
YFI,2021-02-27,31131.8,33427.7,30713.1,31436.6
YFI,2021-02-28,31436.6,31636.1,27545.1,30780.0
YFI,2021-03-01,30780.0,34834.1,30675.8,34778.6
YFI,2021-03-02,34778.6,35454.2,32328.7,33253.1
YFI,2021-03-03,33253.1,35762.3,32989.6,33771.4
YFI,2021-03-04,33771.4,34516.8,31522.2,32374.1
YFI,2021-03-05,32374.1,32533.5,30101.2,31965.3
YFI,2021-03-06,31965.3,34186.1,31325.5,34031.9
YFI,2021-03-07,34031.9,39267.4,33868.0,39109.8
YFI,2021-03-08,39109.8,42288.6,37903.1,39784.0
YFI,2021-03-09,39784.0,40354.9,38613.4,38978.2
YFI,2021-03-10,38978.2,39115.6,36407.1,37871.5
YFI,2021-03-11,37871.5,38450.2,36066.0,37933.7
YFI,2021-03-12,37933.7,38179.5,35160.8,35977.5
YFI,2021-03-13,35977.5,38773.9,34919.8,38185.8
YFI,2021-03-14,38185.8,38657.5,35673.6,35847.1
YFI,2021-03-15,35847.1,36600.9,33622.1,34574.5
YFI,2021-03-16,34574.5,35330.7,33186.6,34959.5
YFI,2021-03-17,34959.5,35449.8,33280.2,35082.5
YFI,2021-03-18,35082.5,37516.3,34787.3,35668.9
YFI,2021-03-19,35668.9,36824.4,34727.1,35985.9
YFI,2021-03-20,35985.9,37348.9,34985.0,35080.9
YFI,2021-03-21,35080.9,36008.8,34272.7,35344.3
YFI,2021-03-22,35344.3,35902.9,32943.0,33259.3
YFI,2021-03-23,33259.3,34291.1,32885.5,33757.0
YFI,2021-03-24,33757.0,34705.8,30222.6,30936.1
YFI,2021-03-25,30936.1,32519.0,29816.4,31832.4
YFI,2021-03-26,31832.4,33334.2,31791.9,33194.3
YFI,2021-03-27,33194.3,33382.3,31676.9,32712.6
YFI,2021-03-28,32712.6,33769.9,32005.2,32608.2
YFI,2021-03-29,32608.2,36262.1,32356.3,35384.9
YFI,2021-03-30,35384.9,36812.8,35090.3,35543.4
YFI,2021-03-31,35543.4,36729.3,33870.8,36142.8
YFI,2021-04-01,36142.8,37181.2,35557.9,36558.3
YFI,2021-04-02,36558.3,39968.7,35951.1,39303.2
YFI,2021-04-03,39303.2,39805.8,35814.7,35838.9
YFI,2021-04-04,35838.9,37970.5,35290.0,37557.1
YFI,2021-04-05,37557.1,38883.5,35978.4,38477.0
YFI,2021-04-06,38477.0,42970.7,38477.0,41325.4
YFI,2021-04-07,41325.4,44350.1,38308.0,43949.5
YFI,2021-04-08,43949.5,49013.7,43855.6,47249.5
YFI,2021-04-09,47249.5,48854.2,45152.7,45751.2
YFI,2021-04-10,45751.2,46116.1,43228.2,44569.8
YFI,2021-04-11,44569.8,46892.9,44348.8,45026.1
YFI,2021-04-12,45026.1,45248.9,41657.7,43054.2
YFI,2021-04-13,43054.2,46407.6,41952.9,44772.0
YFI,2021-04-14,44772.0,47947.4,42910.3,47204.0
YFI,2021-04-15,47204.0,53122.3,47046.1,50291.8
YFI,2021-04-16,50291.8,53524.3,45759.8,53072.1
YFI,2021-04-17,53072.1,54420.2,48460.4,48649.2
YFI,2021-04-18,48649.2,53844.3,42247.2,53475.6
YFI,2021-04-19,53475.6,57264.4,45864.2,46794.2
YFI,2021-04-20,46794.2,51159.4,43264.6,48943.8
YFI,2021-04-21,48943.8,50583.1,45040.2,45348.6
YFI,2021-04-22,45348.6,51808.7,44379.7,45382.9
YFI,2021-04-23,45441.3,46297.5,39148.0,43312.5
YFI,2021-04-24,43333.4,43350.4,38892.4,39260.4
YFI,2021-04-25,39260.4,42271.4,37722.8,39804.9
YFI,2021-04-26,39804.9,45470.9,39593.3,45291.8
YFI,2021-04-27,45291.8,49366.5,44203.2,48750.0
YFI,2021-04-28,48750.0,50547.6,47317.9,48093.0
YFI,2021-04-29,48093.0,48470.6,45955.5,46810.6
YFI,2021-04-30,46810.6,49400.9,46125.8,48911.8
YFI,2021-05-01,48911.8,50610.7,48350.2,49805.7
YFI,2021-05-02,49805.7,49900.7,47427.4,48498.1
YFI,2021-05-03,48459.7,54341.7,48459.7,53384.5
YFI,2021-05-04,53384.5,55533.0,49643.3,50289.9
YFI,2021-05-05,50348.5,54895.2,49950.6,54562.2
YFI,2021-05-06,54553.7,57839.6,51255.4,52367.3
YFI,2021-05-07,52458.0,54167.2,50335.2,53386.3
YFI,2021-05-08,53386.3,55360.5,52103.6,54128.4
YFI,2021-05-09,54208.9,54930.6,51814.0,53411.6
YFI,2021-05-10,53397.8,62509.2,50372.4,62104.7
YFI,2021-05-11,62104.7,83060.2,57059.9,82876.0
YFI,2021-05-12,82958.9,95338.7,64783.6,65827.0
YFI,2021-05-13,65827.0,76528.9,60950.9,66092.8
YFI,2021-05-14,66092.8,81869.8,65631.7,77691.5
YFI,2021-05-15,77754.3,79324.3,66175.1,67049.8
YFI,2021-05-16,67049.8,70888.4,59930.6,65295.7
YFI,2021-05-17,65936.6,68932.0,58277.7,64228.8
YFI,2021-05-18,64228.8,77608.1,63722.0,72923.4
YFI,2021-05-19,72923.4,74523.9,35884.1,46029.7
YFI,2021-05-20,46029.7,57374.1,38029.3,51987.6
YFI,2021-05-21,51987.6,54489.5,35983.1,43854.3
YFI,2021-05-22,43854.3,44657.4,37266.9,38501.4
YFI,2021-05-23,38501.4,40126.3,24028.8,32661.1
YFI,2021-05-24,32661.1,52016.4,32056.0,48237.2
YFI,2021-05-25,48237.2,50838.0,42288.9,46870.7
YFI,2021-05-26,46918.9,51633.7,45683.8,50179.2
YFI,2021-05-27,50179.2,50284.6,45011.8,46844.7
YFI,2021-05-28,46844.7,47294.7,39021.6,40860.1
YFI,2021-05-29,40860.1,42896.8,37475.7,39155.0
YFI,2021-05-30,39043.6,43857.1,37346.0,41811.8
YFI,2021-05-31,41811.8,47222.6,40035.1,47081.2
YFI,2021-06-01,47015.0,47718.2,43853.8,45069.9
YFI,2021-06-02,45069.9,46616.7,43803.4,45192.3
YFI,2021-06-03,45192.3,47175.0,44533.2,45882.9
YFI,2021-06-04,45882.9,45998.1,40987.6,42627.6
YFI,2021-06-05,42627.6,44524.9,40763.3,42200.4
YFI,2021-06-06,42200.4,44696.2,41724.0,43030.3
YFI,2021-06-07,43030.3,44280.3,40059.9,40422.8
YFI,2021-06-08,40422.8,41105.4,35954.3,39703.8
YFI,2021-06-09,39703.8,41087.4,37716.4,40483.5
YFI,2021-06-10,40483.5,40616.0,37096.1,37788.4
YFI,2021-06-11,37788.4,38368.7,36048.5,36918.8
YFI,2021-06-12,36918.8,37286.2,34633.8,36309.1
YFI,2021-06-13,36309.1,38954.2,35219.8,38532.0
YFI,2021-06-14,38532.0,40436.9,38029.7,39424.9
YFI,2021-06-15,39424.9,40194.9,38470.2,38929.4
YFI,2021-06-16,38929.4,38947.1,36112.2,36368.5
YFI,2021-06-17,36368.5,37583.3,35368.4,36299.0
YFI,2021-06-18,36299.0,36521.0,32584.5,34179.6
YFI,2021-06-19,34179.6,34864.6,33261.5,33261.5
YFI,2021-06-20,33261.5,37342.1,32887.2,36051.1
YFI,2021-06-21,36031.8,36234.1,29020.1,29408.3
YFI,2021-06-22,29408.3,31395.5,25051.5,28637.3
YFI,2021-06-23,28638.1,32406.3,27642.8,30944.4
YFI,2021-06-24,30944.4,32070.5,29391.9,31340.1
YFI,2021-06-25,31340.1,31817.2,27868.6,28130.9
YFI,2021-06-26,28130.9,28945.0,26810.6,28694.3
YFI,2021-06-27,28694.3,30253.4,27918.3,30253.4
YFI,2021-06-28,30253.4,32821.9,29781.0,31372.3
YFI,2021-06-29,31372.3,34788.1,31270.2,33625.3
YFI,2021-06-30,33625.3,34010.4,31165.9,33795.5
YFI,2021-07-01,33795.5,34224.4,31590.7,31941.5
YFI,2021-07-02,31941.5,32359.9,30576.5,32008.4
YFI,2021-07-03,32008.4,33990.3,31520.7,32646.0
YFI,2021-07-04,32646.0,34479.8,31609.8,33373.4
YFI,2021-07-05,33373.4,33418.8,31026.0,32404.1
YFI,2021-07-06,32404.1,37271.9,32404.1,35904.2
YFI,2021-07-07,35904.2,37759.7,35174.9,35397.2
YFI,2021-07-08,35397.2,35478.2,32347.8,33027.4
YFI,2021-07-09,33027.4,33973.6,31636.2,33437.0
YFI,2021-07-10,33437.0,34063.0,32468.7,33140.2
YFI,2021-07-11,33140.2,34258.4,32771.6,33751.2
YFI,2021-07-12,33751.2,34368.0,32262.1,32850.4
YFI,2021-07-13,32850.4,33849.4,31917.7,32270.9
YFI,2021-07-14,32270.9,32415.3,30136.2,31512.2
YFI,2021-07-15,31512.2,32238.4,29733.2,30072.7
YFI,2021-07-16,30072.7,30581.6,27523.2,27639.8
YFI,2021-07-17,27639.8,28206.3,27087.1,27677.2
YFI,2021-07-18,27677.2,28895.1,27592.7,27971.3
YFI,2021-07-19,27971.3,28289.4,26630.9,26849.5
YFI,2021-07-20,26849.5,27265.7,24821.1,25781.4
YFI,2021-07-21,25781.4,29679.8,25308.6,28268.3
YFI,2021-07-22,28268.3,28836.6,27481.3,28490.8
YFI,2021-07-23,28490.8,29422.5,27948.4,29404.3
YFI,2021-07-24,29404.3,30269.0,28939.7,29499.7
YFI,2021-07-25,29499.7,29972.6,28680.8,29972.3
YFI,2021-07-26,29972.3,33145.8,29827.1,30042.3
YFI,2021-07-27,30049.7,31015.3,28841.2,29624.0
YFI,2021-07-28,29638.9,30656.6,29222.1,29855.8
YFI,2021-07-29,29855.8,31103.0,29416.5,30847.8
YFI,2021-07-30,30847.8,31401.5,29740.3,31297.9
YFI,2021-07-31,31297.9,33711.7,30746.2,33063.4
YFI,2021-08-01,33063.4,34006.9,31587.4,31698.3
YFI,2021-08-02,31698.3,33485.5,31089.3,31957.1
YFI,2021-08-03,31957.1,32521.1,30607.4,31859.4
YFI,2021-08-04,31859.4,33316.4,31145.7,32996.4
YFI,2021-08-05,32996.4,33680.9,31363.7,32918.7
YFI,2021-08-06,32918.7,33691.7,32171.6,33216.0
YFI,2021-08-07,33216.0,35050.3,32866.7,34635.0
YFI,2021-08-08,34635.0,34834.0,32125.8,32740.3
YFI,2021-08-09,32740.3,34291.7,31796.1,33936.5
YFI,2021-08-10,33936.5,35593.4,33509.6,34870.0
YFI,2021-08-11,34870.0,41210.3,34787.2,37955.8
YFI,2021-08-12,38839.7,39332.9,35548.8,37010.6
YFI,2021-08-13,36990.9,40475.9,36663.2,40216.8
YFI,2021-08-14,40198.7,40238.9,38264.1,39550.1
YFI,2021-08-15,39550.1,40047.8,37730.6,39882.7
YFI,2021-08-16,39882.7,41989.2,39089.6,39292.3
YFI,2021-08-17,39292.3,41817.9,37427.6,37849.8
YFI,2021-08-18,37849.8,38834.5,36821.9,37121.4
YFI,2021-08-19,37121.4,39148.5,36113.6,39135.3
YFI,2021-08-20,39135.3,40321.0,38880.4,39756.7
YFI,2021-08-21,39756.7,39970.4,38611.9,38835.2
YFI,2021-08-22,38835.2,41029.0,38416.2,39511.5
YFI,2021-08-23,39511.5,40634.4,39454.0,39997.3
YFI,2021-08-24,39997.3,40390.1,36984.0,37088.8
YFI,2021-08-25,37088.8,38391.8,36022.9,38287.6
YFI,2021-08-26,38287.6,38459.1,35595.2,36114.4
YFI,2021-08-27,36114.4,38211.0,35218.2,37828.5
YFI,2021-08-28,37828.5,38313.7,37107.9,38089.9
YFI,2021-08-29,38089.9,38713.3,37019.0,37497.7
YFI,2021-08-30,37497.7,37667.0,35955.2,36253.7
YFI,2021-08-31,36253.7,38777.7,35690.3,38322.5
YFI,2021-09-01,38322.5,40448.1,37805.0,39975.8
YFI,2021-09-02,39975.8,40277.7,38529.6,38667.0
YFI,2021-09-03,38667.0,41023.8,37725.3,40416.8
YFI,2021-09-04,40416.8,43494.4,39778.1,41465.8
YFI,2021-09-05,41465.8,43826.0,40517.7,42892.7
YFI,2021-09-06,42892.7,43512.8,41477.6,42133.7
YFI,2021-09-07,42133.7,42698.9,31278.0,34473.8
YFI,2021-09-08,34577.0,35896.1,32220.4,34646.6
YFI,2021-09-09,34648.0,35681.1,33592.9,34327.8
YFI,2021-09-10,34327.8,35436.2,32027.4,32802.9
YFI,2021-09-11,32807.2,33998.1,32545.7,32965.1
YFI,2021-09-12,32965.1,34316.8,32403.6,33266.2
YFI,2021-09-13,33278.2,33601.6,31172.9,32738.6
YFI,2021-09-14,32738.6,35689.3,32557.0,35689.3
YFI,2021-09-15,35709.6,37980.0,35185.9,36533.8
YFI,2021-09-16,36474.3,36741.9,34167.1,34741.3
YFI,2021-09-17,34741.3,35043.7,32763.4,33206.9
YFI,2021-09-18,33206.9,34374.5,32803.9,33884.4
YFI,2021-09-19,33884.4,33926.7,32496.7,32974.6
YFI,2021-09-20,32974.8,33067.8,28363.0,29363.9
YFI,2021-09-21,29457.7,30322.9,26610.4,27281.2
YFI,2021-09-22,27287.9,30601.1,26954.6,30505.8
YFI,2021-09-23,30465.2,31412.9,29985.0,31274.7
YFI,2021-09-24,31274.7,31353.1,27132.4,29278.5
YFI,2021-09-25,29278.5,30459.9,28567.0,30263.1
YFI,2021-09-26,30263.1,30977.5,27709.4,30389.7
YFI,2021-09-27,30389.7,31643.1,28577.4,28595.1
YFI,2021-09-28,28595.1,29930.2,28126.5,28190.2
YFI,2021-09-29,28190.2,29528.2,27920.4,28542.1
YFI,2021-09-30,28542.1,29528.6,28393.2,29170.8
YFI,2021-10-01,29170.8,31653.1,28816.8,31643.6
YFI,2021-10-02,31643.6,32753.9,30944.9,31914.6
YFI,2021-10-03,31914.6,32221.7,31207.5,31358.6
YFI,2021-10-04,31358.6,31358.6,29807.6,30764.6
YFI,2021-10-05,30764.6,32307.3,30119.6,31882.8
YFI,2021-10-06,31882.8,32774.3,29874.0,32036.7
YFI,2021-10-07,32057.9,32698.4,30916.0,32190.8
YFI,2021-10-08,32128.8,37430.6,32046.0,34561.4
YFI,2021-10-09,34561.4,35335.8,33797.3,33962.8
YFI,2021-10-10,33962.8,34856.2,32452.0,32598.7
YFI,2021-10-11,32639.0,35553.5,32159.6,35535.5
YFI,2021-10-12,35535.5,35543.4,33277.3,34774.9
YFI,2021-10-13,34774.9,35648.8,34115.4,34613.9
YFI,2021-10-14,34589.4,36085.3,34429.1,35404.5
YFI,2021-10-15,35401.5,36632.4,34672.1,35998.1
YFI,2021-10-16,35977.3,36333.4,34990.7,35107.8
YFI,2021-10-17,35107.8,35561.5,33463.7,34776.4
YFI,2021-10-18,34776.4,34967.3,33299.2,33831.3
YFI,2021-10-19,33831.3,34731.6,33630.6,34724.2
YFI,2021-10-20,34724.2,36187.0,34183.6,36054.9
YFI,2021-10-21,36054.9,36621.4,34237.4,34287.4
YFI,2021-10-22,34287.4,34836.8,33589.0,34589.1
YFI,2021-10-23,34589.1,35804.1,34404.6,35780.2
YFI,2021-10-24,35780.2,35873.9,33948.0,34498.0
YFI,2021-10-25,34498.0,35075.8,34349.0,34779.9
YFI,2021-10-26,34795.9,38845.4,34732.8,37623.4
YFI,2021-10-27,37623.4,39533.7,33814.1,33833.8
YFI,2021-10-28,33833.8,35086.6,33433.1,34259.2
YFI,2021-10-29,34259.2,35493.1,34078.5,34913.2
YFI,2021-10-30,34882.6,35029.8,33469.5,33803.2
YFI,2021-10-31,33827.1,34308.9,33162.4,34115.4
YFI,2021-11-01,34131.3,35016.6,33275.8,34881.6
YFI,2021-11-02,34881.6,35370.2,34310.5,35037.7
YFI,2021-11-03,35035.3,35459.4,33720.0,34701.2
YFI,2021-11-04,34686.9,34721.6,33333.9,33999.0
YFI,2021-11-05,33999.0,34427.0,33713.7,33990.6
YFI,2021-11-06,33990.6,34042.5,32351.0,33867.6
YFI,2021-11-07,33867.6,35531.0,33462.9,35531.0
YFI,2021-11-08,35531.0,36362.4,35089.6,35615.5
YFI,2021-11-09,35615.5,35662.9,34445.1,34512.8
YFI,2021-11-10,34559.0,35813.5,32501.4,33000.3
YFI,2021-11-11,33000.3,34952.0,32578.0,33743.9
YFI,2021-11-12,33717.3,35506.5,31709.6,32230.4
YFI,2021-11-13,32230.4,33057.6,32136.4,32706.0
YFI,2021-11-14,32706.0,34477.9,32703.8,33553.1
YFI,2021-11-15,33553.1,35381.4,33390.9,33440.4
YFI,2021-11-16,33439.0,33439.0,29864.3,30653.6
YFI,2021-11-17,30606.8,31254.9,29833.7,31187.8
YFI,2021-11-18,31187.8,35629.8,30468.1,32472.4
YFI,2021-11-19,32472.4,33015.6,31026.3,31785.1
YFI,2021-11-20,31785.1,32306.0,30872.5,32005.9
YFI,2021-11-21,32005.9,32693.9,31276.4,31599.7
YFI,2021-11-22,31599.7,32567.6,30490.5,31186.3
YFI,2021-11-23,31186.3,32128.2,30927.6,31584.4
YFI,2021-11-24,31582.0,32221.6,30245.9,31141.7
YFI,2021-11-25,31162.3,32093.5,30920.3,32028.2
YFI,2021-11-26,32041.0,32749.2,28523.7,29024.9
YFI,2021-11-27,29069.8,29723.2,28661.0,29331.0
YFI,2021-11-28,29312.3,29830.0,27979.6,29447.3
YFI,2021-11-29,29525.0,30405.0,29490.0,30167.8
YFI,2021-11-30,30169.4,30507.8,29225.0,29625.0
YFI,2021-12-01,29625.0,30180.0,28480.0,28922.2
YFI,2021-12-02,28915.0,29373.6,28118.5,29023.9
YFI,2021-12-03,29045.0,29428.0,26770.5,27410.7
YFI,2021-12-04,27476.4,27687.6,18000.0,24630.4
YFI,2021-12-05,24682.0,25525.7,23079.4,23687.1
YFI,2021-12-06,23694.9,24004.8,21800.0,23740.0
YFI,2021-12-07,23797.0,24575.0,21905.0,22035.0
YFI,2021-12-08,22055.0,22965.0,21485.0,22475.2
YFI,2021-12-09,22545.4,23954.2,20765.2,21149.3
YFI,2021-12-10,21140.0,21575.0,20216.4,20423.5
YFI,2021-12-11,20345.0,23315.0,19770.0,21462.1
YFI,2021-12-12,21475.0,22589.9,20878.8,21830.7
YFI,2021-12-13,21830.7,21901.9,19072.5,19838.4
YFI,2021-12-14,19865.0,20425.0,19290.0,20038.3
YFI,2021-12-15,20025.0,20997.5,18874.2,20658.7
YFI,2021-12-16,20641.6,25941.3,19763.8,24952.9
YFI,2021-12-17,24954.6,33884.6,24308.2,32379.5
YFI,2021-12-18,32381.6,34612.0,30277.4,31130.6
YFI,2021-12-19,31134.0,33208.3,30548.1,32624.1
YFI,2021-12-20,32667.2,39269.2,31487.6,37232.5
YFI,2021-12-21,37236.2,37889.6,34174.1,34711.8
YFI,2021-12-22,34751.7,35317.1,31736.9,31984.4
YFI,2021-12-23,31960.3,33269.8,30985.8,31530.6
YFI,2021-12-24,31530.6,33007.3,30346.9,32946.7
YFI,2021-12-25,32967.1,33617.0,30794.4,31177.1
YFI,2021-12-26,31168.8,32104.8,30346.2,31428.8
YFI,2021-12-27,31420.0,34767.4,30945.3,32253.5
YFI,2021-12-28,32201.0,32228.0,28768.8,29263.1
YFI,2021-12-29,29250.5,31285.3,27755.9,29548.4
YFI,2021-12-30,29556.4,29905.5,28002.8,29652.2
YFI,2021-12-31,29666.6,33396.6,29559.0,33129.9
YFI,2022-01-01,33165.9,38503.5,32451.4,36936.9
YFI,2022-01-02,36934.6,39503.9,35635.8,39063.0
YFI,2022-01-03,39080.0,41679.3,37802.1,39346.3
YFI,2022-01-04,39361.4,39741.5,36247.2,36369.8
YFI,2022-01-05,36323.4,37387.0,30945.3,32603.5
YFI,2022-01-06,32619.7,36989.2,31161.8,36153.4
YFI,2022-01-07,36180.3,37080.0,31367.9,35118.8
YFI,2022-01-08,35134.6,36670.2,32028.7,33680.8
YFI,2022-01-09,33680.0,35327.4,32767.8,33024.4
YFI,2022-01-10,33026.9,33130.5,29372.0,31703.7
YFI,2022-01-11,31720.8,33354.8,31565.4,32521.7
YFI,2022-01-12,32552.8,34749.4,32484.2,33587.2
YFI,2022-01-13,33544.1,34256.3,31158.1,31669.1
YFI,2022-01-14,31612.7,33087.0,31032.8,32089.5
YFI,2022-01-15,32075.0,33902.2,31704.1,33583.6
YFI,2022-01-16,33591.5,34205.7,33064.6,33813.5
YFI,2022-01-17,33793.7,33830.7,31209.4,31556.7
YFI,2022-01-18,31570.8,33534.9,30851.4,33009.2
YFI,2022-01-19,33013.1,33529.1,31221.7,32479.7
YFI,2022-01-20,32469.8,34398.5,31503.2,31802.7
YFI,2022-01-21,31790.8,31880.8,25121.4,25714.9
YFI,2022-01-22,25810.4,26702.2,20376.9,22532.1
YFI,2022-01-23,22546.0,24925.4,22435.0,23880.8
YFI,2022-01-24,23929.1,25163.3,21406.9,23941.5
YFI,2022-01-25,23941.2,24958.6,23375.3,24383.4
YFI,2022-01-26,24412.2,26216.5,23467.7,23917.9
YFI,2022-01-27,23931.0,24817.9,23072.0,23617.2
YFI,2022-01-28,23611.3,24165.4,22377.5,23382.1
YFI,2022-01-29,23375.2,24697.7,23349.7,24332.9
YFI,2022-01-30,24330.8,25581.2,23472.8,23673.7
YFI,2022-01-31,23691.7,24757.0,22886.2,24679.8
YFI,2022-02-01,24682.0,25486.7,24600.6,25473.8
YFI,2022-02-02,25491.0,25725.4,22922.7,23077.7
YFI,2022-02-03,23070.9,23450.5,22521.2,23361.4
YFI,2022-02-04,23361.4,24848.1,23309.1,24589.9
YFI,2022-02-05,24589.9,25884.2,24468.1,25293.8
YFI,2022-02-06,25293.8,25388.5,23717.2,23935.5
YFI,2022-02-07,23907.0,27081.2,23885.8,26693.7
YFI,2022-02-08,26673.8,27096.5,24799.3,25461.9
YFI,2022-02-09,25441.3,26894.7,24799.8,26344.7
YFI,2022-02-10,26350.2,26371.0,24457.9,24752.2
YFI,2022-02-11,24760.7,25039.2,22735.3,22771.4
YFI,2022-02-12,22780.5,23814.5,22673.7,23138.3
YFI,2022-02-13,23150.8,23675.0,22681.5,23107.6
YFI,2022-02-14,23109.1,23294.6,22401.9,23180.7
YFI,2022-02-15,23196.2,24649.8,23031.8,24314.6
YFI,2022-02-16,24320.3,24544.9,23145.2,23898.2
YFI,2022-02-17,23917.4,23977.2,22082.0,22527.1
YFI,2022-02-18,22492.4,23054.9,21713.6,21846.6
YFI,2022-02-19,21845.8,22237.1,21369.1,21627.1
YFI,2022-02-20,21629.3,21720.8,20099.7,20935.0
YFI,2022-02-21,20917.9,21913.3,20082.7,20257.6
YFI,2022-02-22,20250.4,21008.4,19187.7,20306.4
YFI,2022-02-23,20308.4,21276.8,20210.1,20656.5
YFI,2022-02-24,20650.4,20661.0,17130.7,19057.6
YFI,2022-02-25,19067.9,20285.1,18850.3,20125.7
YFI,2022-02-26,20135.9,21402.9,20058.2,20944.9
YFI,2022-02-27,20938.7,21054.2,19112.4,19519.2
YFI,2022-02-28,19507.3,21510.8,19079.4,21254.0
YFI,2022-03-01,21215.0,22322.2,21008.4,21594.2
YFI,2022-03-02,21594.2,22014.1,21064.0,21817.9
YFI,2022-03-03,21824.4,22645.0,20930.1,21839.0
YFI,2022-03-04,21854.4,21977.9,19642.1,19955.3
YFI,2022-03-05,19963.7,20532.9,19454.7,20334.1
YFI,2022-03-06,20357.2,20357.2,17336.0,18478.7
YFI,2022-03-07,18456.1,19958.9,17785.8,18391.3
YFI,2022-03-08,18401.2,21210.8,18290.6,19093.8
YFI,2022-03-09,19082.0,20572.2,19070.8,20140.0
YFI,2022-03-10,20156.1,20425.7,18717.4,19142.1
YFI,2022-03-11,19147.4,19325.7,18243.7,18594.6
YFI,2022-03-12,18585.1,18931.4,18395.4,18473.3
YFI,2022-03-13,18478.7,18724.1,17935.9,18036.6
YFI,2022-03-14,18031.2,18775.4,17837.8,18439.5
YFI,2022-03-15,18475.4,18735.0,17847.1,18572.0
YFI,2022-03-16,18576.2,19246.5,18273.7,19100.1
YFI,2022-03-17,19113.4,19757.9,18884.2,19535.5
YFI,2022-03-18,19533.5,20790.8,18998.5,20475.4
YFI,2022-03-19,20469.4,21029.4,20263.6,20857.4
YFI,2022-03-20,20855.1,20909.3,19574.2,20032.4
YFI,2022-03-21,20043.0,20607.1,19679.6,20351.8
YFI,2022-03-22,20357.2,21098.4,19967.6,20381.9
YFI,2022-03-23,20381.9,20557.1,19943.7,20344.2
YFI,2022-03-24,20354.0,21388.9,20198.7,21238.6
YFI,2022-03-25,21233.2,21716.4,20400.7,20441.0
YFI,2022-03-26,20431.3,21245.7,20431.3,21107.2
YFI,2022-03-27,21113.6,21813.9,20682.8,21774.7
YFI,2022-03-28,21765.5,24005.0,21704.5,22342.5
YFI,2022-03-29,22352.4,23868.1,22006.6,23130.7
YFI,2022-03-30,23127.6,24588.0,22663.2,24141.7
YFI,2022-03-31,24154.0,24313.2,22580.1,22634.5
YFI,2022-04-01,22636.8,23588.9,21597.1,23323.6
YFI,2022-04-02,23306.7,23973.3,22820.4,23616.8
YFI,2022-04-03,23626.7,25455.4,22800.9,24997.8
YFI,2022-04-04,24956.6,25378.6,23044.4,23616.8
YFI,2022-04-05,23610.7,24422.4,23346.0,24422.4
YFI,2022-04-06,24422.4,24453.7,21555.0,22067.8
YFI,2022-04-07,22063.3,22206.2,21004.5,21261.2
YFI,2022-04-08,21274.6,21906.1,20743.7,20807.7
YFI,2022-04-09,20788.8,20901.1,20220.4,20482.3
YFI,2022-04-10,20498.6,20925.3,20368.8,20449.5
YFI,2022-04-11,20442.2,20469.9,18228.8,18452.6
YFI,2022-04-12,18468.4,19425.9,18217.6,18648.1
YFI,2022-04-13,18638.0,19479.8,18560.9,19171.0
YFI,2022-04-14,19187.6,19598.1,18663.2,19023.9
YFI,2022-04-15,19022.8,19293.8,18739.1,19238.7
YFI,2022-04-16,19234.9,19345.7,18754.5,19292.8
YFI,2022-04-17,19154.4,19430.4,19056.5,19170.3
YFI,2022-04-18,19182.8,19182.8,17984.5,19082.4
YFI,2022-04-19,19096.0,19606.8,18881.7,19362.8
YFI,2022-04-20,19367.3,19485.9,18879.0,19105.4
YFI,2022-04-21,19115.4,20260.8,18803.3,19024.4
YFI,2022-04-22,18991.2,19142.7,18464.5,18657.4
YFI,2022-04-23,18656.2,18778.2,18396.6,18578.1
YFI,2022-04-24,18581.9,18853.1,18269.6,18447.2
YFI,2022-04-25,18442.5,18733.5,17512.7,18673.8
YFI,2022-04-26,18679.1,19130.6,17325.4,17703.8
YFI,2022-04-27,17697.8,17991.2,17303.8,17777.8
YFI,2022-04-28,17794.2,18230.8,17614.0,17833.0
YFI,2022-04-29,17827.5,18134.1,16376.1,17001.8
YFI,2022-04-30,16986.4,17233.4,16401.6,16791.4
YFI,2022-05-01,16742.7,17439.6,15817.0,17066.3
YFI,2022-05-02,17058.8,17321.1,16654.0,17255.0
YFI,2022-05-03,17258.7,17851.6,17057.0,17436.3
YFI,2022-05-04,17430.1,18570.2,17254.9,18236.7
YFI,2022-05-05,18225.7,18449.4,16513.9,16826.2
YFI,2022-05-06,16816.8,17270.2,16383.0,16775.9
YFI,2022-05-07,16782.2,16932.2,16413.1,16434.3
YFI,2022-05-08,16443.0,16548.4,15480.2,15700.4
YFI,2022-05-09,15696.9,15790.6,12527.0,13007.1
YFI,2022-05-10,12994.3,14770.8,12252.0,13182.7
YFI,2022-05-11,13156.6,14782.4,11553.6,11823.9
YFI,2022-05-12,11824.7,12018.0,9048.32,9664.4
YFI,2022-05-13,9658.67,11138.6,9554.73,10061.6
YFI,2022-05-14,10059.5,10257.2,9524.45,10101.4
YFI,2022-05-15,10110.5,10527.6,9812.8,10504.7
YFI,2022-05-16,10502.6,10684.3,9639.42,9907.03
YFI,2022-05-17,9913.55,10502.0,9637.46,9984.98
YFI,2022-05-18,9986.88,10232.5,9265.8,9334.35
YFI,2022-05-19,9345.53,9750.11,8875.03,9414.38
YFI,2022-05-20,9407.76,9884.76,8999.35,9173.5
YFI,2022-05-21,9167.13,9450.96,8896.98,9116.76
YFI,2022-05-22,9105.24,9675.58,9085.33,9314.69
YFI,2022-05-23,9315.78,9797.3,9049.13,9065.18
YFI,2022-05-24,9056.25,9314.05,8745.4,9049.57
YFI,2022-05-25,9064.49,10287.6,7821.32,8744.49
YFI,2022-05-26,8746.83,8894.94,7726.1,7897.16
YFI,2022-05-27,7902.96,7980.01,7322.06,7398.65
YFI,2022-05-28,7384.84,7739.56,7328.96,7556.6
YFI,2022-05-29,7550.36,7661.89,7363.66,7416.82
YFI,2022-05-30,7420.94,8457.22,7375.79,8401.84
YFI,2022-05-31,8402.14,8530.78,7866.44,8077.63
YFI,2022-06-01,8070.13,8195.39,7309.95,7455.28
YFI,2022-06-02,7446.55,7608.15,7239.48,7479.66
YFI,2022-06-03,7488.85,7611.63,7139.5,7516.62
YFI,2022-06-04,7507.56,7569.41,7275.56,7508.99
YFI,2022-06-05,7511.24,7641.18,7297.12,7502.91
YFI,2022-06-06,7506.15,7816.14,7343.83,7452.19
YFI,2022-06-07,7451.45,7803.31,7116.34,7790.8
YFI,2022-06-08,7773.52,7818.94,7394.46,7501.82
YFI,2022-06-09,7508.4,7741.15,7348.78,7511.42
YFI,2022-06-10,7510.75,7613.6,6976.78,7095.53
YFI,2022-06-11,7104.21,7141.59,6257.15,6404.35
YFI,2022-06-12,6411.06,6467.62,5965.02,6255.9
YFI,2022-06-13,6231.62,6231.62,4715.82,4986.42
YFI,2022-06-14,4984.36,5101.74,4490.51,4641.03
YFI,2022-06-15,4636.6,5410.67,4277.23,5312.25
YFI,2022-06-16,5380.0,5380.0,4685.0,4762.32
YFI,2022-06-17,4650.53,4922.64,4551.66,4795.24
YFI,2022-06-18,4782.54,4867.2,4012.88,4269.18
YFI,2022-06-19,4272.73,4835.34,4127.39,4757.71
YFI,2022-06-20,4699.35,4957.55,4544.08,4813.35
YFI,2022-06-21,4789.01,5585.48,4744.01,5107.69
YFI,2022-06-22,5115.47,5321.37,4935.1,5106.18
YFI,2022-06-23,5114.76,5270.98,4919.34,5075.8
YFI,2022-06-24,5075.8,8053.92,5072.46,7386.2
YFI,2022-06-25,7381.24,7545.23,6562.75,7212.29
YFI,2022-06-26,7289.62,7313.76,6627.55,6760.26
YFI,2022-06-27,6766.51,6865.21,6090.75,6266.32
YFI,2022-06-28,6266.32,6387.68,5747.99,5823.71
YFI,2022-06-29,5822.01,5823.83,5412.24,5650.35
YFI,2022-06-30,5637.52,5689.25,5062.16,5164.83
YFI,2022-07-01,5188.5,5632.59,5123.13,5414.04
YFI,2022-07-05,6123.18,6297.85,5949.53,6206.38
YFI,2022-07-06,6217.56,6464.31,6025.49,6292.79
YFI,2022-07-07,6297.46,6678.24,6167.3,6602.1
YFI,2022-07-08,6602.26,6889.6,6300.85,6373.72
YFI,2022-07-09,6373.72,6538.0,6295.59,6475.11
YFI,2022-07-10,6496.26,6536.72,5934.7,6061.96
YFI,2022-07-11,6062.71,6069.92,5693.91,5717.79
YFI,2022-07-12,5706.74,5762.81,5458.56,5508.9
YFI,2022-07-13,5544.35,5748.3,5300.99,5593.3
YFI,2022-07-14,5673.75,6186.89,5651.55,6027.82
YFI,2022-07-15,6030.02,6314.29,5929.04,6179.21
YFI,2022-07-16,6179.21,6391.14,5929.35,6222.52
YFI,2022-07-17,6253.24,6394.44,6037.56,6146.12
YFI,2022-07-18,6146.95,6660.07,6045.5,6303.17
YFI,2022-07-19,6334.37,6879.64,6265.01,6753.97
YFI,2022-07-20,6806.38,7018.77,6375.67,6629.74
YFI,2022-07-21,6629.74,6847.21,6230.28,6701.08
YFI,2022-07-22,6701.08,6881.3,6379.72,6517.88
YFI,2022-07-23,6515.45,6841.68,6310.53,6455.84
YFI,2022-07-24,6455.25,7189.51,6428.18,7132.38
YFI,2022-07-25,7131.92,7219.09,6392.27,6508.88
YFI,2022-07-26,6506.13,6836.18,6250.58,6701.54
YFI,2022-07-27,6701.54,7225.8,6632.65,7117.05
YFI,2022-07-28,7127.11,9778.9,7038.25,9165.64
YFI,2022-07-29,9153.33,9997.94,8670.9,9947.15
YFI,2022-07-30,10328.8,14126.1,10285.4,12110.0
YFI,2022-07-31,12123.9,12292.5,11371.9,11759.7
YFI,2022-08-01,11468.4,12199.6,10798.2,11451.6
YFI,2022-08-02,11718.8,11849.8,10623.3,11209.6
YFI,2022-08-03,11199.2,11244.8,10398.8,10936.8
YFI,2022-08-04,10807.5,11193.8,10426.8,10476.5
YFI,2022-08-05,10572.2,11276.2,10526.2,11270.0
YFI,2022-08-06,11353.1,12270.9,11270.4,11868.0
YFI,2022-08-07,11870.9,11954.0,11267.0,11458.3
YFI,2022-08-08,11576.6,11982.5,11343.4,11398.3
YFI,2022-08-09,11397.6,11563.3,10776.1,11300.9
YFI,2022-08-10,11300.9,11856.8,10879.1,11394.0
YFI,2022-08-11,11395.3,11800.4,11187.8,11333.1
YFI,2022-08-12,11281.1,11574.6,11055.2,11424.1
YFI,2022-08-13,11426.1,12196.2,11384.3,11528.8
YFI,2022-08-14,11528.8,11730.2,10976.3,11177.7
YFI,2022-08-15,11174.7,11568.0,10966.8,11117.5
YFI,2022-08-16,11120.4,11236.3,10829.7,11042.1
YFI,2022-08-17,11042.1,11680.0,10897.4,11305.5
YFI,2022-08-18,11089.1,11345.3,10960.2,11085.6
YFI,2022-08-19,11086.6,11134.2,8888.63,8889.18
YFI,2022-08-20,8885.8,9115.64,8243.62,8422.05
YFI,2022-08-21,8422.05,8893.87,8422.05,8798.92
YFI,2022-08-22,8805.72,8868.25,8243.18,8749.6
YFI,2022-08-23,8743.78,9361.15,8692.44,9193.46
YFI,2022-08-24,9180.24,9571.23,8996.49,9470.82
YFI,2022-08-25,9470.94,10251.1,9337.14,9866.94
YFI,2022-08-26,9866.94,9875.17,8960.77,9139.96
YFI,2022-08-27,9109.4,9164.92,8598.21,8727.98
YFI,2022-08-28,8726.31,8983.95,8634.23,8757.09
YFI,2022-08-29,8757.91,9126.14,8398.16,9025.71
YFI,2022-08-30,9025.8,9310.41,8600.69,8921.45
YFI,2022-08-31,8921.36,9286.58,8826.68,9253.12
YFI,2022-09-01,9252.76,9329.67,8780.75,9279.41
YFI,2022-09-02,9277.74,10454.8,9072.92,9983.63
YFI,2022-09-03,10025.3,10160.4,9379.48,9773.64
YFI,2022-09-04,9776.82,9856.64,9277.26,9429.25
YFI,2022-09-05,9429.25,9599.29,9279.22,9435.2
YFI,2022-09-06,9435.19,9771.99,8545.27,8647.93
YFI,2022-09-07,8647.93,9547.12,8529.96,9494.38
YFI,2022-09-08,9461.29,9540.42,9009.51,9248.69
YFI,2022-09-09,9232.77,11196.3,9180.82,10435.9
YFI,2022-09-10,10460.3,10574.9,10135.8,10560.8
YFI,2022-09-11,10560.4,10633.6,9921.01,9921.11
YFI,2022-09-12,9908.85,10395.9,9708.37,9848.71
YFI,2022-09-13,9854.0,10177.9,9047.64,9151.69
YFI,2022-09-14,9156.94,9351.94,8885.12,9145.28
YFI,2022-09-15,9145.28,9230.81,8565.48,8644.72
YFI,2022-09-16,8642.63,8841.1,8392.03,8645.5
YFI,2022-09-17,8649.21,9340.89,8633.52,9320.86
YFI,2022-09-18,9320.23,9396.73,8025.09,8347.99
YFI,2022-09-19,8342.99,8523.95,8075.07,8462.51
YFI,2022-09-20,8487.88,8639.92,8323.73,8452.87
YFI,2022-09-21,8396.0,8798.18,7970.97,7994.91
YFI,2022-09-22,7984.91,8509.04,7808.05,8348.46
YFI,2022-09-23,8348.01,8646.07,8041.72,8311.18
YFI,2022-09-24,8381.72,8488.79,8265.14,8304.25
YFI,2022-09-25,8302.98,8375.39,8073.93,8081.07
YFI,2022-09-26,8081.38,8393.0,7955.27,8266.98
YFI,2022-09-27,8266.98,8854.95,8137.96,8234.21
YFI,2022-09-28,8238.19,8356.16,7899.0,8218.34
YFI,2022-09-29,8221.04,8292.68,7951.64,8101.96
YFI,2022-09-30,8101.15,8376.21,8040.11,8093.37
YFI,2022-10-01,8093.36,8202.32,8019.41,8074.37
YFI,2022-10-02,8062.32,8142.24,7904.89,7964.09
YFI,2022-10-03,7966.47,8151.87,7826.95,8103.6
YFI,2022-10-04,8103.6,8354.57,8061.14,8335.51
YFI,2022-10-05,8317.37,8401.51,8118.75,8265.62
YFI,2022-10-06,8289.68,8456.23,8187.29,8196.95
YFI,2022-10-07,8196.86,8240.7,8000.87,8073.84
YFI,2022-10-08,8071.74,8137.88,7980.0,7981.12
YFI,2022-10-09,8006.39,8129.57,7968.9,8088.66
YFI,2022-10-10,8091.55,8182.69,7934.87,7995.28
YFI,2022-10-11,7996.08,8006.09,7611.1,7793.55
YFI,2022-10-12,7793.47,7936.42,7762.48,7850.33
YFI,2022-10-13,7885.58,7921.76,7221.93,7761.39
YFI,2022-10-14,7761.39,7978.14,7522.35,7526.85
YFI,2022-10-15,7519.02,7626.12,7481.35,7593.78
YFI,2022-10-16,7593.86,7838.58,7502.65,7714.15
YFI,2022-10-17,7715.17,8002.71,7655.64,7882.81
YFI,2022-10-18,7882.89,7970.14,7543.67,7721.88
YFI,2022-10-19,7711.61,7750.67,7524.35,7656.24
YFI,2022-10-20,7643.34,7738.6,7410.19,7491.69
YFI,2022-10-21,7497.46,7653.25,7293.53,7596.68
YFI,2022-10-22,7598.52,7664.44,7478.39,7596.49
YFI,2022-10-23,7596.42,7695.92,7486.54,7690.84
YFI,2022-10-24,7687.91,7912.9,7501.17,7640.49
YFI,2022-10-25,7639.04,8480.9,7572.19,8157.56
YFI,2022-10-26,8146.01,8387.49,7999.93,8157.2
YFI,2022-10-27,8160.39,8594.96,8023.24,8052.64
YFI,2022-10-28,8053.56,8337.57,7867.55,8239.62
YFI,2022-10-29,8239.11,8534.86,8201.33,8473.57
YFI,2022-10-30,8473.57,8659.67,8079.71,8167.58
YFI,2022-10-31,8163.66,8356.75,8014.92,8144.21
YFI,2022-11-01,8144.5,8287.71,7974.54,8022.84
YFI,2022-11-02,8022.84,8202.53,7673.71,7840.72
YFI,2022-11-03,7845.18,8523.82,7785.43,7949.33
YFI,2022-11-04,7947.68,8484.38,7885.6,8414.27
YFI,2022-11-05,8412.65,8591.5,8243.29,8360.55
YFI,2022-11-06,8360.46,8376.75,8009.05,8050.63
YFI,2022-11-07,8042.56,8204.81,7826.68,7885.83
YFI,2022-11-08,7887.25,8042.48,6198.29,6527.07
YFI,2022-11-09,6527.07,6789.73,5361.75,5597.06
YFI,2022-11-10,5612.68,7475.73,5440.39,6762.95
YFI,2022-11-11,6765.64,7613.73,6162.3,6308.43
YFI,2022-11-12,6300.89,6505.0,5745.01,5796.79
YFI,2022-11-13,5797.17,5939.66,5593.32,5752.29
YFI,2022-11-14,5754.56,6275.21,5363.35,5970.05
YFI,2022-11-15,5965.16,6744.64,5951.08,6388.29
YFI,2022-11-16,6382.72,6697.8,6172.93,6255.6
YFI,2022-11-17,6254.85,6359.64,6024.0,6049.46
YFI,2022-11-18,6050.83,6226.87,5903.98,6032.33
YFI,2022-11-19,6033.11,6696.09,6012.45,6643.61
YFI,2022-11-20,6641.94,6783.47,6058.18,6090.73
YFI,2022-11-21,6093.33,6517.63,5727.37,6117.71
YFI,2022-11-22,6117.71,6293.45,5799.37,6151.7
YFI,2022-11-23,6157.6,6369.67,6003.04,6161.75
YFI,2022-11-24,6153.83,6322.95,6061.45,6091.99
YFI,2022-11-25,6093.39,6529.53,5964.39,6273.51
YFI,2022-11-26,6278.1,6396.38,6225.83,6360.42
YFI,2022-11-27,6358.79,6538.2,6322.78,6416.42
YFI,2022-11-28,6417.73,6417.73,5993.13,6238.98
YFI,2022-11-29,6239.04,6515.51,6209.23,6472.14
YFI,2022-11-30,6469.07,6961.31,6445.97,6790.53
YFI,2022-12-01,6758.06,6792.91,6548.28,6686.39
YFI,2022-12-02,6687.55,6733.78,6497.1,6729.97
YFI,2022-12-03,6732.51,6894.67,6629.18,6658.94
YFI,2022-12-04,6658.94,7462.27,6597.7,7223.12
YFI,2022-12-05,7239.95,7502.18,7046.4,7076.62
YFI,2022-12-06,7079.02,7322.26,7063.81,7105.79
YFI,2022-12-07,7114.48,7196.72,6732.82,6999.32
YFI,2022-12-08,7000.33,7069.48,6869.98,6993.48
YFI,2022-12-09,6997.97,7147.13,6872.05,6898.86
YFI,2022-12-10,6897.56,6987.29,6857.49,6869.07
YFI,2022-12-11,6868.22,7083.45,6847.56,6898.25
YFI,2022-12-12,6892.42,6946.43,6514.15,6604.16
YFI,2022-12-13,6603.16,6648.9,6254.55,6494.99
YFI,2022-12-14,6494.99,6613.87,6351.86,6495.0
YFI,2022-12-15,6495.45,6499.1,6155.74,6213.27
YFI,2022-12-16,6212.12,6311.05,5394.82,5603.21
YFI,2022-12-17,5599.89,5779.36,5429.24,5698.4
YFI,2022-12-18,5704.38,5737.6,5650.59,5671.01
YFI,2022-12-19,5685.5,5701.42,5381.72,5430.21
YFI,2022-12-20,5429.25,5677.54,5402.8,5637.58
YFI,2022-12-21,5639.16,5658.58,5482.5,5523.49
YFI,2022-12-22,5523.49,5662.59,5467.65,5605.71
YFI,2022-12-23,5605.56,5624.26,5481.42,5496.76
YFI,2022-12-24,5496.76,5525.99,5437.75,5482.98
YFI,2022-12-25,5481.93,5541.85,5407.17,5517.97
YFI,2022-12-26,5519.65,5538.41,5461.59,5479.59
YFI,2022-12-27,5486.94,5565.5,5471.31,5477.57
YFI,2022-12-28,5480.51,5527.65,5154.77,5193.52
YFI,2022-12-29,5192.01,5263.55,5083.18,5172.49
YFI,2022-12-30,5172.44,5197.97,5062.63,5117.83
YFI,2022-12-31,5115.96,5145.2,5044.84,5114.71
YFI,2023-01-01,5114.71,5131.32,5033.64,5122.51
YFI,2023-01-02,5122.51,5413.69,5064.09,5369.95
YFI,2023-01-03,5369.95,5508.38,5295.76,5308.19
YFI,2023-01-04,5308.19,5497.12,5284.68,5349.14
YFI,2023-01-05,5349.96,5475.4,5317.08,5403.82
YFI,2023-01-06,5404.09,5466.96,5293.72,5466.96
YFI,2023-01-07,5469.31,5567.78,5426.87,5464.99
YFI,2023-01-08,5464.99,5676.62,5396.37,5595.67
YFI,2023-01-09,5595.0,5972.17,5595.0,5797.32
YFI,2023-01-10,5796.54,5887.74,5636.44,5863.33
YFI,2023-01-11,5864.25,5895.89,5680.16,5778.11
YFI,2023-01-12,5777.26,6346.71,5777.26,6241.32
YFI,2023-01-13,6247.06,6657.28,6130.79,6494.81
YFI,2023-01-14,6491.81,7652.21,6486.97,7075.95
YFI,2023-01-15,7075.95,7188.57,6715.92,7057.37
YFI,2023-01-16,7059.47,7493.69,6858.8,7132.08
YFI,2023-01-17,7136.1,7242.42,6985.1,7138.41
YFI,2023-01-18,7138.48,7314.05,6493.74,6599.1
YFI,2023-01-19,6599.03,6736.33,6475.9,6671.47
YFI,2023-01-20,6674.68,7223.09,6618.59,7200.02
YFI,2023-01-21,7200.02,7408.87,7073.13,7284.2
YFI,2023-01-22,7261.36,7357.07,6972.77,7093.99
YFI,2023-01-23,7093.99,7998.45,7093.92,7802.94
YFI,2023-01-24,7786.8,8035.21,7394.95,7588.34
YFI,2023-01-25,7596.42,7736.32,7196.76,7469.98
YFI,2023-01-26,7465.67,7694.5,7347.16,7525.82
YFI,2023-01-27,7525.82,7745.79,7303.28,7640.19
YFI,2023-01-28,7639.85,7734.43,7380.79,7413.46
YFI,2023-01-29,7415.33,7777.15,7372.11,7705.23
YFI,2023-01-30,7777.25,7820.71,6977.01,7123.06
YFI,2023-01-31,7121.73,7359.63,7119.34,7235.92
YFI,2023-02-01,7235.85,7566.04,7005.21,7524.25
YFI,2023-02-02,7524.18,8129.67,7467.88,7694.56
YFI,2023-02-03,7695.09,7896.05,7575.94,7890.61
YFI,2023-02-04,7888.54,7968.42,7827.38,7883.51
YFI,2023-02-05,7883.51,7941.58,7457.31,7606.54
YFI,2023-02-06,7609.13,7731.0,7463.79,7573.69
YFI,2023-02-07,7572.99,7862.89,7404.82,7796.41
YFI,2023-02-08,7796.33,7918.52,7576.65,7696.39
YFI,2023-02-09,7698.3,7755.15,6832.24,6874.05
YFI,2023-02-10,6895.21,7134.41,6886.57,7006.09
YFI,2023-02-11,7009.38,7234.85,6972.46,7232.86
YFI,2023-02-12,7230.1,7231.77,6896.62,6970.24
YFI,2023-02-13,6966.92,7039.02,6591.94,6708.02
YFI,2023-02-14,6716.65,7110.92,6699.53,7046.97
YFI,2023-02-15,7046.15,7411.79,6992.25,7377.49
YFI,2023-02-16,7377.66,7607.87,7178.91,7218.01
YFI,2023-02-17,7218.01,7560.56,7095.6,7458.97
YFI,2023-02-18,7458.53,7511.06,7290.65,7498.01
YFI,2023-02-19,7498.7,7711.07,7327.19,7495.51
YFI,2023-02-20,7496.85,7623.99,7257.71,7540.9
YFI,2023-02-21,7539.14,8463.59,7355.24,8209.29
YFI,2023-02-22,8196.12,8704.54,7898.3,8450.12
YFI,2023-02-23,8440.1,9821.65,8428.78,9297.98
YFI,2023-02-24,9298.07,10261.4,8555.05,8592.53
YFI,2023-02-25,8601.86,9077.67,8557.59,9067.46
YFI,2023-02-26,9067.46,10147.6,9048.22,9839.46
YFI,2023-02-27,9852.95,10004.7,9203.48,9307.34
YFI,2023-02-28,9307.97,9584.05,9015.65,9232.83
YFI,2023-03-01,9230.62,10680.7,9075.26,10372.8
YFI,2023-03-02,10372.3,10791.8,9959.35,10545.3
YFI,2023-03-03,10538.5,11149.8,9742.94,10713.8
YFI,2023-03-04,10714.0,10820.2,9806.83,9978.79
YFI,2023-03-05,9979.88,10504.8,9950.76,10122.5
YFI,2023-03-06,10091.5,10541.1,9828.73,10161.1
YFI,2023-03-07,10155.8,10204.9,9435.06,9513.79
YFI,2023-03-08,9514.64,9646.33,8200.52,8290.21
YFI,2023-03-09,8300.48,8398.29,7314.52,7472.02
YFI,2023-03-10,7473.53,8144.13,7167.17,7642.46
YFI,2023-03-11,7634.75,8047.32,6994.01,7495.16
YFI,2023-03-12,7496.99,7865.88,7122.7,7770.79
YFI,2023-03-13,7770.79,9600.75,7769.82,9294.73
YFI,2023-03-14,9140.6,9642.87,8734.23,9059.23
YFI,2023-03-15,9063.47,9186.42,8024.27,8179.15
YFI,2023-03-16,8173.12,8387.25,8012.1,8242.32
YFI,2023-03-17,8240.68,8960.72,8156.58,8930.76
YFI,2023-03-18,8926.83,9204.13,8563.93,8654.51
YFI,2023-03-19,8652.86,9091.36,8516.37,8876.93
YFI,2023-03-20,8873.09,8989.22,8509.96,8635.46
YFI,2023-03-21,8635.46,8895.52,8327.1,8763.5
YFI,2023-03-22,8763.5,9011.98,8277.41,8349.81
YFI,2023-03-23,8356.11,8849.84,8334.17,8671.05
YFI,2023-03-24,8671.05,8725.25,8272.05,8355.25
YFI,2023-03-25,8353.61,8430.28,8095.04,8220.84
YFI,2023-03-26,8217.92,8494.62,8187.48,8364.61
YFI,2023-03-27,8365.18,8467.57,7961.83,8047.7
YFI,2023-03-28,8045.21,8562.44,8010.68,8409.27
YFI,2023-03-29,8409.27,9000.12,8405.2,8862.72
YFI,2023-03-30,8867.96,8926.22,8609.53,8714.27
YFI,2023-03-31,8717.43,8894.65,8651.44,8786.76
YFI,2023-04-01,8786.73,8835.13,8644.58,8723.25
YFI,2023-04-02,8722.91,8870.01,8496.74,8540.31
YFI,2023-04-03,8537.06,8597.92,8239.13,8346.65
YFI,2023-04-04,8347.9,8663.88,8310.39,8604.34
YFI,2023-04-05,8607.66,8874.45,8496.71,8613.04
YFI,2023-04-06,8620.46,8656.57,8422.21,8469.05
YFI,2023-04-07,8469.76,8629.19,8401.56,8601.41
YFI,2023-04-08,8601.41,8678.26,8561.49,8634.43
YFI,2023-04-09,8624.86,8762.67,8515.46,8607.71
YFI,2023-04-10,8596.06,8693.1,8444.21,8606.03
YFI,2023-04-11,8604.92,9456.79,8598.27,9199.07
YFI,2023-04-12,9196.9,9436.48,8913.49,9307.53
YFI,2023-04-13,9309.65,9396.5,8860.68,9069.53
YFI,2023-04-14,9070.86,9507.91,9051.15,9269.9
YFI,2023-04-15,9269.9,9321.09,9034.66,9099.35
YFI,2023-04-16,9119.29,9258.97,8991.67,9234.47
YFI,2023-04-17,9230.38,9256.35,8907.17,8967.53
YFI,2023-04-18,8966.43,9133.92,8882.24,9042.38
YFI,2023-04-19,9042.79,9146.66,8386.1,8422.57
YFI,2023-04-20,8422.98,8553.51,8122.33,8214.62
YFI,2023-04-21,8214.61,8804.56,8059.27,8077.18
YFI,2023-04-22,8080.26,8290.48,8066.67,8260.76
YFI,2023-04-23,8257.71,8426.73,8130.93,8179.46
YFI,2023-04-24,8180.49,8350.99,7942.89,8031.69
YFI,2023-04-25,8031.07,8094.3,7730.1,8092.34
YFI,2023-04-26,8082.87,8726.84,7861.61,7874.32
YFI,2023-04-27,8183.64,8445.55,8136.29,8277.72
YFI,2023-04-28,8277.72,8312.82,8103.85,8226.24
YFI,2023-04-29,8224.02,8353.61,8185.51,8279.94
YFI,2023-04-30,8275.85,8320.32,8113.38,8173.08
YFI,2023-05-01,8175.63,8234.24,7848.73,7896.32
YFI,2023-05-02,7895.91,8037.84,7874.28,7998.87
YFI,2023-05-03,7996.79,8002.01,7819.4,7972.17
YFI,2023-05-04,8037.09,8119.11,7966.97,8036.98
YFI,2023-05-05,8040.97,8187.17,7946.32,8143.46
YFI,2023-05-06,8143.46,8226.34,7853.59,7866.53
YFI,2023-05-07,7854.36,7982.27,7837.02,7941.17
YFI,2023-05-08,7941.25,7963.04,7080.35,7189.75
YFI,2023-05-09,7191.1,7417.64,7176.94,7302.0
YFI,2023-05-10,7297.04,7424.02,6767.53,7024.99
YFI,2023-05-11,7023.69,7079.38,6510.41,6630.54
YFI,2023-05-12,6631.21,6871.17,6444.68,6866.72
YFI,2023-05-13,6904.94,6949.27,6729.95,6732.43
YFI,2023-05-14,6736.98,6886.49,6692.75,6819.64
YFI,2023-05-15,6820.46,7034.41,6733.45,6932.2
YFI,2023-05-16,6932.52,6962.21,6758.57,6813.92
YFI,2023-05-17,6814.21,6888.85,6664.38,6842.98
YFI,2023-05-18,6842.3,6867.19,6572.64,6707.61
YFI,2023-05-19,6710.08,6753.92,6609.32,6651.85
YFI,2023-05-20,6657.74,6698.42,6610.38,6689.42
YFI,2023-05-21,6690.87,6709.59,6528.25,6544.48
YFI,2023-05-22,6543.83,6689.83,6480.72,6614.73
YFI,2023-05-23,6628.12,6797.98,6613.24,6724.8
YFI,2023-05-24,6724.8,6749.73,6432.08,6503.06
YFI,2023-05-25,6503.12,6503.12,6272.06,6321.68
YFI,2023-05-26,6321.62,6469.92,6255.67,6442.75
YFI,2023-05-27,6442.47,6478.14,6382.52,6468.09
YFI,2023-05-28,6455.04,6627.42,6455.04,6623.94
YFI,2023-05-29,6628.4,6775.57,6625.92,6700.34
YFI,2023-05-30,6700.34,6725.28,6555.05,6642.1
YFI,2023-05-31,6643.38,6667.16,6406.3,6425.0
YFI,2023-06-01,6423.28,6524.88,6325.84,6461.82
YFI,2023-06-02,6462.35,6553.07,6370.86,6502.01
YFI,2023-06-03,6502.13,6565.6,6479.17,6480.24
YFI,2023-06-04,6479.07,6589.86,6477.66,6554.14
YFI,2023-06-05,6555.66,6568.39,5635.54,5961.8
YFI,2023-06-06,5946.14,6274.31,5921.91,6207.92
YFI,2023-06-07,6207.25,6219.82,5927.54,5992.54
YFI,2023-06-08,5987.23,6110.44,5929.18,6029.52
YFI,2023-06-09,6028.52,6029.04,5855.64,5942.39
YFI,2023-06-10,5942.57,5975.57,4850.2,5367.83
YFI,2023-06-11,5369.83,5535.7,5366.28,5433.52
YFI,2023-06-12,5432.42,5466.14,5277.11,5464.64
YFI,2023-06-13,5460.46,5724.94,5450.14,5611.62
YFI,2023-06-14,5609.61,5694.22,5280.05,5332.25
YFI,2023-06-15,5362.24,5648.45,5348.24,5592.02
YFI,2023-06-16,5592.25,5806.91,5430.23,5683.16
YFI,2023-06-17,5683.15,5850.91,5635.71,5745.09
YFI,2023-06-18,5745.21,5765.9,5576.33,5633.8
YFI,2023-06-19,5597.81,5734.73,5589.42,5704.92
YFI,2023-06-20,5704.92,5912.41,5607.16,5856.76
YFI,2023-06-21,5856.21,6421.85,5842.21,6325.83
YFI,2023-06-22,6323.12,6649.01,6286.63,6337.84
YFI,2023-06-23,6337.84,6487.54,6177.77,6398.18
YFI,2023-06-24,6397.19,6637.76,6255.39,6255.39
YFI,2023-06-25,6257.18,6775.52,6256.13,6547.54
YFI,2023-06-26,6547.54,6613.2,6264.56,6279.82
YFI,2023-06-27,6274.26,6492.63,6182.81,6420.68
YFI,2023-06-28,6420.68,6442.59,5941.36,6051.18
YFI,2023-06-29,6050.77,6383.85,6047.9,6263.59
YFI,2023-06-30,6263.41,6663.61,6040.06,6618.17
YFI,2023-07-01,6618.1,6704.29,6539.94,6586.36
YFI,2023-07-02,6584.43,7071.17,6484.02,7062.63
YFI,2023-07-03,7058.85,7426.38,6971.48,6980.83
YFI,2023-07-04,6975.76,6995.02,6731.41,6948.97
YFI,2023-07-05,6950.33,7188.5,6762.09,6812.64
YFI,2023-07-06,6814.39,7259.2,6783.62,6825.87
YFI,2023-07-07,6828.42,6961.87,6649.46,6938.03
YFI,2023-07-08,6937.96,7157.5,6893.23,6981.16
YFI,2023-07-09,6986.45,7260.05,6965.43,7000.93
YFI,2023-07-10,7000.93,7135.47,6801.98,7073.71
YFI,2023-07-11,7075.35,7099.09,6889.84,6934.37
YFI,2023-07-12,6931.93,7045.33,6860.67,6904.28
YFI,2023-07-13,6904.21,7322.74,6894.14,7156.08
YFI,2023-07-14,7156.08,7480.71,6762.52,6940.79
YFI,2023-07-15,6896.74,7137.95,6896.74,7114.82
YFI,2023-07-16,7113.68,7123.77,6911.52,6983.1
YFI,2023-07-17,6983.31,7155.57,6861.71,7024.86
YFI,2023-07-18,6966.85,7066.72,6763.43,6867.33
YFI,2023-07-19,6867.33,6987.82,6854.85,6892.57
YFI,2023-07-20,6892.57,7046.95,6793.62,6835.25
YFI,2023-07-21,6847.14,6908.23,6772.61,6822.88
YFI,2023-07-22,6822.88,6927.34,6764.31,6816.9
YFI,2023-07-23,6819.04,6837.68,6653.65,6713.38
YFI,2023-07-24,6709.47,6765.65,6401.52,6513.31
YFI,2023-07-25,6513.25,6557.42,6440.37,6521.9
YFI,2023-07-26,6521.9,6912.58,6449.87,6861.63
YFI,2023-07-27,6861.63,6985.49,6769.41,6911.48
YFI,2023-07-28,6925.54,7089.83,6923.48,7033.18
YFI,2023-07-29,7033.11,7095.69,6964.66,7024.38
YFI,2023-07-30,7024.38,7052.05,6723.68,6745.88
YFI,2023-07-31,6771.77,6903.11,6627.93,6673.33
YFI,2023-08-01,6673.39,6751.17,6522.37,6706.18
YFI,2023-08-02,6705.69,6853.93,6381.39,6424.8
YFI,2023-08-03,6424.8,6490.37,6335.13,6390.34
YFI,2023-08-04,6390.34,6456.4,6116.31,6154.53
YFI,2023-08-05,6159.52,6296.79,6137.47,6263.6
YFI,2023-08-06,6271.75,6480.13,6239.12,6444.55
YFI,2023-08-07,6456.84,6518.23,6266.97,6380.01
YFI,2023-08-08,6380.01,6521.83,6317.03,6477.48
YFI,2023-08-09,6476.57,6477.85,6238.49,6283.03
YFI,2023-08-10,6253.04,6371.63,6232.23,6341.78
YFI,2023-08-11,6341.72,6380.66,6254.5,6280.58
YFI,2023-08-12,6280.58,6345.96,6257.81,6302.97
YFI,2023-08-13,6302.97,6326.84,6240.52,6305.97
YFI,2023-08-14,6305.9,6352.24,6173.82,6248.32
YFI,2023-08-15,6248.32,6277.53,5615.69,5867.52
YFI,2023-08-16,5884.12,5988.12,5560.15,5609.37
YFI,2023-08-17,5609.37,5807.14,4682.49,5152.43
YFI,2023-08-18,5151.39,5488.6,5092.48,5412.49
YFI,2023-08-19,5412.44,5753.74,5411.64,5618.2
YFI,2023-08-20,5617.97,5694.84,5547.87,5654.59
YFI,2023-08-21,5654.53,5729.41,5440.67,5611.5
YFI,2023-08-22,5611.5,5630.16,5354.3,5416.39
YFI,2023-08-23,5432.11,5716.81,5405.56,5682.27
YFI,2023-08-24,5682.21,5739.27,5565.01,5565.83
YFI,2023-08-25,5597.81,5781.58,5523.36,5749.47
YFI,2023-08-26,5749.41,5773.22,5581.4,5589.81
YFI,2023-08-27,5589.81,5906.41,5569.25,5806.89
YFI,2023-08-28,5806.83,5833.0,5669.17,5740.44
YFI,2023-08-29,5740.44,5838.79,5489.0,5739.72
YFI,2023-08-30,5739.66,5799.33,5651.39,5665.35
YFI,2023-08-31,5657.65,5692.0,5345.93,5523.47
YFI,2023-09-01,5524.14,5549.23,5327.88,5451.92
YFI,2023-09-02,5457.92,5527.42,5428.58,5438.43
YFI,2023-09-03,5438.43,5480.95,5392.31,5422.73
YFI,2023-09-04,5422.73,5486.05,5317.8,5318.41
YFI,2023-09-05,5318.24,5477.57,5301.67,5431.47
YFI,2023-09-06,5431.47,5469.58,5318.75,5366.0
YFI,2023-09-07,5366.06,5475.19,5335.53,5451.26
YFI,2023-09-08,5451.48,5498.51,5340.36,5389.77
YFI,2023-09-09,5389.77,5420.24,5373.32,5377.67
YFI,2023-09-10,5377.34,5404.61,5194.62,5282.73
YFI,2023-09-11,5282.79,5303.63,5027.82,5070.64
YFI,2023-09-12,5068.59,5322.61,5060.74,5214.04
YFI,2023-09-13,5212.6,5358.83,5156.04,5336.34
YFI,2023-09-14,5335.15,5400.7,5278.12,5368.61
YFI,2023-09-15,5368.61,5474.5,5345.96,5445.19
YFI,2023-09-16,5450.54,5611.98,5450.27,5512.98
YFI,2023-09-17,5516.22,5534.1,5346.29,5365.31
YFI,2023-09-18,5365.31,5566.65,5330.0,5444.23
YFI,2023-09-19,5444.22,5502.46,5387.42,5424.02
YFI,2023-09-20,5413.31,5495.98,5263.76,5308.06
YFI,2023-09-21,5308.06,5386.84,5095.28,5095.63
YFI,2023-09-22,5096.64,5195.98,5058.86,5130.91
YFI,2023-09-23,5124.43,5190.79,5103.11,5155.3
YFI,2023-09-24,5155.3,5190.12,5123.4,5124.98
YFI,2023-09-25,5125.85,5258.0,5064.95,5231.76
YFI,2023-09-26,5231.76,5269.49,5150.56,5160.01
YFI,2023-09-27,5157.01,5318.23,5130.38,5152.47
YFI,2023-09-28,5150.47,5287.06,5144.28,5257.65
YFI,2023-09-29,5228.65,5275.57,5157.96,5171.56
YFI,2023-09-30,5173.65,5246.8,5169.05,5228.4
YFI,2023-10-01,5227.73,5452.35,5211.59,5452.35
YFI,2023-10-02,5411.94,5621.77,5201.49,5236.78
YFI,2023-10-03,5236.78,5317.27,5206.92,5224.69
YFI,2023-10-04,5221.67,5267.27,5052.81,5261.62
YFI,2023-10-05,5261.57,5354.68,5247.15,5319.22
YFI,2023-10-06,5319.17,5348.81,5202.44,5315.85
YFI,2023-10-07,5315.9,5463.47,5311.29,5402.56
YFI,2023-10-08,5402.79,5463.78,5314.32,5336.31
YFI,2023-10-09,5334.85,5401.13,5093.1,5200.34
YFI,2023-10-10,5175.96,5253.02,5165.91,5182.7
YFI,2023-10-11,5179.75,5224.18,5039.7,5091.36
YFI,2023-10-12,5092.86,5148.94,5030.33,5069.91
YFI,2023-10-13,5069.91,5179.68,5027.94,5144.09
YFI,2023-10-14,5144.09,5178.85,5074.99,5112.42
YFI,2023-10-15,5112.47,5140.37,5051.99,5107.7
YFI,2023-10-16,5107.7,5311.19,5063.66,5158.12
YFI,2023-10-17,5145.16,5183.41,5029.89,5090.86
YFI,2023-10-18,5090.86,5154.48,4996.76,5014.86
YFI,2023-10-19,5014.86,5030.06,4813.33,4855.73
YFI,2023-10-20,4856.73,5059.95,4853.79,5013.17
YFI,2023-10-21,5013.12,5368.64,5011.99,5276.84
YFI,2023-10-22,5273.83,5394.25,5162.12,5346.3
YFI,2023-10-23,5362.1,5812.15,5314.21,5659.63
YFI,2023-10-24,5655.99,6094.12,5645.62,5698.44
YFI,2023-10-25,5690.96,5919.06,5626.58,5775.4
YFI,2023-10-26,5775.65,5976.77,5594.23,5761.43
YFI,2023-10-27,5760.87,5812.54,5562.45,5608.57
YFI,2023-10-28,5609.63,5756.0,5594.19,5695.25
YFI,2023-10-29,5695.25,5913.94,5615.46,5886.01
YFI,2023-10-30,5885.72,6028.64,5786.39,5904.36
YFI,2023-10-31,5904.36,5976.19,5549.19,5669.73
YFI,2023-11-01,5668.73,5869.15,5528.16,5837.2
YFI,2023-11-02,5837.26,5946.81,5592.03,5705.05
YFI,2023-11-03,5706.33,5719.06,5539.54,5660.37
YFI,2023-11-04,5658.15,5828.96,5636.02,5751.92
YFI,2023-11-05,5751.96,6080.96,5729.19,5904.8
YFI,2023-11-06,5914.32,6231.24,5832.64,6231.24
YFI,2023-11-07,6239.14,6259.31,5789.83,5964.01
YFI,2023-11-08,5963.75,6338.69,5920.37,6240.78
YFI,2023-11-09,6242.24,6862.94,5853.36,6569.55
YFI,2023-11-10,6570.94,7784.13,6535.62,7780.99
YFI,2023-11-11,7780.92,9251.81,7630.68,8774.9
YFI,2023-11-12,8773.76,9567.25,8546.44,9256.49
YFI,2023-11-13,9260.91,11065.8,9216.4,9805.54
YFI,2023-11-14,9807.83,10871.5,9728.9,10411.6
YFI,2023-11-15,10387.9,12237.0,10150.3,11763.8
YFI,2023-11-16,11765.7,14635.9,11709.1,14046.3
YFI,2023-11-17,14046.8,15793.0,13627.0,14479.4
YFI,2023-11-18,14476.4,14625.0,8310.22,9734.44
YFI,2023-11-19,9737.89,9753.11,8706.41,8849.18
YFI,2023-11-20,8862.92,9250.96,8319.9,8454.81
YFI,2023-11-21,8458.81,8547.66,7537.49,7547.4
YFI,2023-11-22,7561.15,8456.89,7538.21,8289.67
YFI,2023-11-23,8274.45,8744.01,8174.42,8613.65
YFI,2023-11-24,8613.9,8972.55,8534.95,8686.02
YFI,2023-11-25,8684.01,9127.84,8567.49,8821.6
YFI,2023-11-26,8807.0,8892.4,8299.41,8540.2
YFI,2023-11-27,8541.2,8614.71,8116.87,8381.56
YFI,2023-11-28,8377.17,8699.44,8189.6,8480.38
YFI,2023-11-29,8478.7,8520.34,8200.47,8291.97
YFI,2023-11-30,8292.73,8361.41,8201.28,8266.77
YFI,2023-12-01,8253.37,8445.13,8211.44,8428.3
YFI,2023-12-02,8428.3,8897.07,8405.95,8686.71
YFI,2023-12-03,8691.83,8787.89,8457.75,8635.58
YFI,2023-12-04,8632.08,8936.57,8201.66,8533.39
YFI,2023-12-05,8534.66,8813.99,8374.67,8462.87
YFI,2023-12-06,8463.49,8748.01,8375.0,8421.92
YFI,2023-12-07,8421.8,8661.65,8379.34,8491.24
YFI,2023-12-08,8491.24,9606.64,8471.38,9175.98
YFI,2023-12-09,9177.15,9556.99,9106.15,9131.7
YFI,2023-12-10,9131.8,9346.64,8878.39,9312.05
YFI,2023-12-11,9316.05,9357.54,8133.49,8452.97
YFI,2023-12-12,8480.51,8581.32,8180.98,8359.24
YFI,2023-12-13,8359.24,8665.76,8119.88,8571.22
YFI,2023-12-14,8573.56,8621.06,8211.8,8548.64
YFI,2023-12-15,8548.72,8587.59,8170.4,8233.77
YFI,2023-12-16,8236.77,8705.8,8078.34,8631.13
YFI,2023-12-17,8650.49,8664.25,8240.12,8257.52
YFI,2023-12-18,8257.43,8308.21,7613.02,8201.92
YFI,2023-12-19,8198.5,8457.4,8113.58,8244.27
YFI,2023-12-20,8244.27,8524.69,8191.59,8345.91
YFI,2023-12-21,8345.99,8469.83,8249.65,8405.72
YFI,2023-12-22,8407.02,8537.92,8287.8,8509.69
YFI,2023-12-23,8513.84,8519.69,8269.01,8451.16
YFI,2023-12-24,8448.79,8496.67,8110.5,8223.38
YFI,2023-12-25,8222.38,8660.16,8199.99,8502.13
YFI,2023-12-26,8503.49,8537.09,7726.69,8151.6
YFI,2023-12-27,8147.48,8458.26,7903.24,8346.65
YFI,2023-12-28,8345.85,8678.77,8149.62,8255.21
YFI,2023-12-29,8254.29,8446.22,8072.64,8154.02
YFI,2023-12-30,8174.49,8269.32,8065.85,8138.78
YFI,2023-12-31,8138.7,8305.57,7916.31,8050.18
YFI,2024-01-01,8046.36,8265.23,7927.15,8231.28
YFI,2024-01-02,8229.68,8430.16,8098.05,8151.28
YFI,2024-01-03,8151.28,8318.38,6958.27,7515.99
YFI,2024-01-04,7512.14,7928.15,7449.05,7761.08
YFI,2024-01-05,7758.71,7770.61,7153.66,7382.06
YFI,2024-01-06,7382.06,8378.24,7021.14,7941.86
YFI,2024-01-07,7939.65,8142.29,7273.69,7367.47
YFI,2024-01-08,7374.48,7860.49,7002.48,7700.01
YFI,2024-01-09,7690.67,7812.95,7323.13,7535.52
YFI,2024-01-10,7535.4,8096.79,7344.79,8054.85
YFI,2024-01-11,8057.01,8414.18,7910.44,8188.91
YFI,2024-01-12,8191.11,8391.34,7569.83,7752.03
YFI,2024-01-13,7753.42,8190.91,7631.28,8088.52
YFI,2024-01-14,8093.13,8149.09,7790.83,7879.34
YFI,2024-01-15,7879.34,8028.11,7712.25,7796.56
YFI,2024-01-16,7796.37,7976.04,7721.07,7905.92
YFI,2024-01-17,7902.54,7933.54,7735.53,7802.95
YFI,2024-01-18,7804.55,7885.06,7339.75,7456.68
YFI,2024-01-19,7456.68,7542.1,7124.35,7396.59
YFI,2024-01-20,7396.66,7491.74,7322.97,7414.35
YFI,2024-01-21,7431.5,7523.07,7378.99,7462.7
YFI,2024-01-22,7461.08,7463.12,6980.06,7034.5
YFI,2024-01-23,7034.5,7167.81,6603.0,6790.4
YFI,2024-01-24,6792.55,7180.98,6786.58,6948.69
YFI,2024-01-25,6952.7,7104.77,6896.42,7058.5
YFI,2024-01-26,7058.5,7277.49,6954.04,7237.19
YFI,2024-01-27,7242.63,7326.33,7173.01,7305.26
YFI,2024-01-28,7305.26,7381.56,7168.21,7206.13
YFI,2024-01-29,7208.2,7344.94,7126.35,7325.83
YFI,2024-01-30,7315.78,7462.74,7275.25,7410.64
YFI,2024-01-31,7410.16,7415.16,6979.01,7071.31
YFI,2024-02-01,7072.55,7215.71,6985.4,7122.84
YFI,2024-02-02,7121.78,7213.41,7080.58,7187.47
YFI,2024-02-03,7189.91,7238.51,7161.56,7175.74
YFI,2024-02-04,7162.5,7191.27,7060.6,7060.6
YFI,2024-02-05,7060.22,7138.58,6957.27,6962.74
YFI,2024-02-06,6964.52,7124.67,6957.74,7090.97
YFI,2024-02-07,7091.96,7197.51,7053.03,7178.85
YFI,2024-02-08,7178.9,7383.7,7158.89,7284.05
YFI,2024-02-09,7280.57,7494.41,7263.71,7481.49
YFI,2024-02-10,7475.19,7507.87,7297.66,7423.92
YFI,2024-02-11,7418.65,7496.52,7325.67,7368.3
YFI,2024-02-12,7370.47,7658.2,7287.78,7654.2
YFI,2024-02-13,7635.73,7832.39,7388.28,7485.17
YFI,2024-02-14,7481.87,7771.85,7463.84,7728.44
YFI,2024-02-15,7728.52,7975.39,7633.74,7749.84
YFI,2024-02-16,7755.89,7952.07,7572.08,7744.81
YFI,2024-02-17,7750.1,7818.72,7516.22,7516.44
YFI,2024-02-18,7708.39,7780.86,7671.69,7779.86
YFI,2024-02-19,7779.86,7936.35,7714.77,7906.73
YFI,2024-02-20,7906.73,7906.73,7339.19,7686.71
YFI,2024-02-21,7685.92,7720.82,7191.71,7402.23
YFI,2024-02-22,7409.72,7660.02,7311.22,7570.66
YFI,2024-02-23,7571.73,7700.81,7312.8,7656.1
YFI,2024-02-24,7657.35,9407.27,7522.89,8296.38
YFI,2024-02-25,8278.56,8486.46,8094.91,8268.69
YFI,2024-02-26,8278.61,8457.59,8015.77,8444.46
YFI,2024-02-27,8386.11,8651.18,8252.23,8433.38
YFI,2024-02-28,8431.99,8843.12,7758.74,8544.02
YFI,2024-02-29,8547.65,9060.64,8392.79,8451.66
YFI,2024-03-01,8482.0,8999.1,8482.0,8981.91
YFI,2024-03-02,8985.96,9524.56,8897.98,9437.09
YFI,2024-03-03,9434.99,9624.38,8494.35,9262.28
YFI,2024-03-04,9315.96,9692.77,9091.09,9499.64
YFI,2024-03-05,9497.26,10992.6,8145.99,9290.9
YFI,2024-03-06,9255.17,9810.53,8932.92,9686.63
YFI,2024-03-07,9689.12,10414.5,9288.69,10243.2
YFI,2024-03-08,10238.2,10413.7,9682.98,10136.7
YFI,2024-03-09,10136.6,10553.2,10107.6,10252.4
YFI,2024-03-10,10250.3,10343.4,9733.41,9736.51
YFI,2024-03-11,9779.82,10536.2,9542.01,10413.5
YFI,2024-03-12,10395.8,10634.5,9800.18,10163.3
YFI,2024-03-13,10158.2,10490.3,9982.84,10264.6
YFI,2024-03-14,10249.1,10309.7,9673.79,10085.9
YFI,2024-03-15,10014.0,10031.3,8973.22,9627.97
YFI,2024-03-16,9615.26,9706.66,8661.3,8880.88
YFI,2024-03-17,8876.63,9390.96,8509.99,9340.96
YFI,2024-03-18,9328.55,9392.42,8702.92,8875.26
YFI,2024-03-19,8882.26,9034.02,7915.29,8157.66
YFI,2024-03-20,8159.74,9019.96,7931.28,8952.06
YFI,2024-03-21,8942.14,9215.25,8759.18,8943.8
YFI,2024-03-22,8944.8,9148.23,8430.75,8607.83
YFI,2024-03-23,8608.03,8903.13,8569.93,8784.97
YFI,2024-03-24,8793.9,8904.45,8632.78,8864.35
YFI,2024-03-25,8863.56,9186.61,8804.5,9100.54
YFI,2024-03-26,9100.54,9479.7,8957.84,9213.29
YFI,2024-03-27,9215.49,9280.83,8722.93,8885.75
YFI,2024-03-28,8881.83,9058.63,8702.04,8982.12
YFI,2024-03-29,8983.42,9101.3,8829.86,8974.17
YFI,2024-03-30,8975.45,9059.37,8859.25,8880.59
YFI,2024-03-31,8895.87,9204.92,8819.11,9076.26
YFI,2024-04-01,9078.92,9370.52,8525.47,8737.15
YFI,2024-04-02,8740.14,8784.01,7985.45,8217.36
YFI,2024-04-03,8220.16,8448.14,8013.07,8171.32
YFI,2024-04-04,8123.02,8546.27,8058.15,8366.01
YFI,2024-04-05,8357.75,8490.29,8063.4,8331.82
YFI,2024-04-06,8331.57,8426.43,8212.65,8366.09
YFI,2024-04-07,8366.09,8478.41,8296.43,8447.78
YFI,2024-04-08,8397.66,8683.88,8313.31,8645.63
YFI,2024-04-09,8641.63,8673.64,8216.98,8386.29
YFI,2024-04-10,8399.23,8409.56,7986.33,8244.72
YFI,2024-04-11,8228.87,8459.51,8209.35,8345.59
YFI,2024-04-12,8347.57,8558.64,6582.77,7185.73
YFI,2024-04-13,7184.37,7212.52,5736.7,6143.57
YFI,2024-04-14,6176.53,7087.34,6126.42,6825.68
YFI,2024-04-15,6824.02,7334.28,6687.35,6920.58
YFI,2024-04-16,6967.52,7018.07,6604.35,6980.98
YFI,2024-04-17,6988.07,7019.5,6600.84,6770.19
YFI,2024-04-18,6770.19,7015.12,6604.17,6981.13
YFI,2024-04-19,6981.81,7184.2,6539.56,6894.78
YFI,2024-04-20,6894.3,7187.15,6739.29,7170.44
YFI,2024-04-21,7167.81,7246.38,6995.21,7123.91
YFI,2024-04-22,7152.93,7527.31,7097.48,7500.12
YFI,2024-04-23,7506.49,7543.82,7330.47,7380.17
YFI,2024-04-24,7395.08,7536.04,6942.33,7060.26
YFI,2024-04-25,7022.61,7150.35,6807.32,7088.02
YFI,2024-04-26,7089.21,7103.02,6882.67,7020.4
YFI,2024-04-27,7016.89,7089.9,6814.14,7036.14
YFI,2024-04-28,7036.84,7211.39,7024.65,7044.09
YFI,2024-04-29,7044.09,7053.32,6695.72,6793.73
YFI,2024-04-30,6793.73,6955.48,6482.62,6640.77
YFI,2024-05-01,6639.77,6811.61,6330.33,6722.51
YFI,2024-05-02,6724.71,6919.49,6632.92,6881.98
YFI,2024-05-03,6881.92,7041.78,6769.04,7011.74
YFI,2024-05-04,7009.0,7063.88,6893.19,6968.44
YFI,2024-05-05,6968.63,7123.14,6850.01,7061.1
YFI,2024-05-06,7033.16,7173.5,6829.49,6926.49
YFI,2024-05-07,6921.41,7069.01,6789.35,6958.79
YFI,2024-05-08,6951.79,7066.36,6795.12,6950.19
YFI,2024-05-09,6944.22,7098.01,6822.03,7008.39
YFI,2024-05-10,7005.39,7076.6,6787.38,6822.5
YFI,2024-05-11,6823.32,6871.5,6720.44,6791.79
YFI,2024-05-12,6784.73,6839.81,6706.71,6708.39
YFI,2024-05-13,6701.41,6776.52,6577.64,6716.01
YFI,2024-05-14,6710.86,6782.37,6523.24,6669.01
YFI,2024-05-15,6669.01,6867.13,6569.31,6840.73
YFI,2024-05-16,6841.58,6873.87,6655.61,6758.15
YFI,2024-05-17,6756.68,6997.95,6713.88,6973.71
YFI,2024-05-18,6975.7,7073.04,6964.44,6987.69
YFI,2024-05-19,6990.93,7041.52,6778.31,6792.9
YFI,2024-05-20,6792.97,7191.22,6730.39,7173.02
YFI,2024-05-21,7176.41,7417.63,7152.0,7211.54
YFI,2024-05-22,7218.33,7316.94,7104.61,7137.7
YFI,2024-05-23,7137.63,7230.73,6724.61,6980.2
YFI,2024-05-24,6979.15,7105.59,6808.66,7105.52
YFI,2024-05-25,7105.45,7467.49,7041.9,7259.28
YFI,2024-05-26,7253.87,7368.94,7196.62,7229.16
YFI,2024-05-27,7176.88,7384.52,7176.88,7304.28
YFI,2024-05-28,7294.29,7366.42,7138.63,7276.46
YFI,2024-05-29,7271.89,7274.03,7111.44,7118.86
YFI,2024-05-30,7119.26,7182.42,6935.88,7018.21
YFI,2024-05-31,7018.21,7097.36,6928.66,7030.98
YFI,2024-06-01,7035.37,7041.22,6886.44,6919.94
YFI,2024-06-02,6918.53,7051.4,6818.14,6855.0
YFI,2024-06-03,6854.02,7042.98,6819.83,6976.03
YFI,2024-06-04,6968.48,7075.22,6921.99,7029.06
YFI,2024-06-05,7028.34,7197.58,6989.09,7088.4
YFI,2024-06-06,7085.21,7147.13,6954.87,6982.44
YFI,2024-06-07,6981.44,7020.34,5955.17,6588.42
YFI,2024-06-08,6584.21,6663.17,6341.67,6363.76
YFI,2024-06-09,6363.76,6592.98,6308.0,6503.57
YFI,2024-06-10,6502.2,6534.73,6365.67,6408.47
YFI,2024-06-11,6382.76,6426.51,6056.3,6210.22
YFI,2024-06-12,6208.05,6463.14,6062.94,6392.36
YFI,2024-06-13,6397.29,6417.09,6116.09,6118.67
YFI,2024-06-14,6117.01,6334.36,6034.34,6171.27
YFI,2024-06-15,6171.27,6333.66,6079.92,6300.28
YFI,2024-06-16,6301.91,6325.85,6199.33,6217.3
YFI,2024-06-17,6217.3,6257.86,5876.98,6034.79
YFI,2024-06-18,6026.73,6052.4,5413.96,5741.47
YFI,2024-06-19,5738.49,6044.38,5737.19,5958.48
YFI,2024-06-20,5965.19,6072.01,5861.9,5951.35
YFI,2024-06-21,5952.69,5955.03,5780.46,5838.44
YFI,2024-06-22,5842.04,5875.39,5767.5,5798.3
YFI,2024-06-23,5797.72,5897.64,5756.69,5846.57
YFI,2024-06-24,5847.57,5858.41,5534.55,5787.09
YFI,2024-06-25,5814.36,5875.54,5759.0,5830.56
YFI,2024-06-26,5830.5,5889.6,5712.78,5834.0
YFI,2024-06-27,5834.0,6022.22,5787.92,6006.87
YFI,2024-06-28,6008.08,6676.79,5964.07,6226.16
YFI,2024-06-29,6226.15,6628.8,6206.98,6367.63
YFI,2024-06-30,6392.58,6525.61,6246.94,6377.52
YFI,2024-07-01,6380.51,6647.8,6301.13,6459.27
YFI,2024-07-02,6478.51,6743.14,6457.24,6708.95
YFI,2024-07-03,6734.62,6916.65,6416.02,6523.31
YFI,2024-07-04,6523.41,6533.18,5823.43,6031.06
YFI,2024-07-05,6051.89,6350.77,5293.39,6289.77
YFI,2024-07-06,6291.73,6381.73,6045.93,6211.09
YFI,2024-07-07,6211.98,6238.72,5682.16,5717.44
YFI,2024-07-08,5717.38,5831.27,5449.86,5640.83
YFI,2024-07-09,5634.83,5942.65,5622.83,5833.59
YFI,2024-07-10,5840.27,5955.01,5735.37,5815.15
YFI,2024-07-11,5817.15,5917.88,5682.17,5725.83
YFI,2024-07-12,5697.97,5835.97,5679.59,5771.49
YFI,2024-07-13,5772.72,5862.06,5746.61,5755.67
YFI,2024-07-14,5756.36,5936.79,5739.39,5936.79
YFI,2024-07-15,5931.65,6077.49,5915.57,6076.19
YFI,2024-07-16,6068.49,6193.32,5834.32,6063.35
YFI,2024-07-17,6065.06,6179.21,5989.3,6091.1
YFI,2024-07-18,6072.1,6193.42,5743.59,5792.49
YFI,2024-07-19,5771.17,5983.71,5711.83,5955.08
YFI,2024-07-20,5953.69,5995.31,5887.4,5918.9
YFI,2024-07-21,5918.12,6001.69,5736.08,5993.63
YFI,2024-07-22,5993.63,6075.43,5836.2,5840.36
YFI,2024-07-23,5846.14,5916.96,5657.08,5723.99
YFI,2024-07-24,5721.84,5831.23,5631.1,5665.69
YFI,2024-07-25,5665.63,5701.34,5458.99,5626.33
YFI,2024-07-26,5625.88,5837.06,5604.05,5804.38
YFI,2024-07-27,5806.62,5877.54,5747.6,5852.42
YFI,2024-07-28,5853.19,5905.41,5698.13,5746.11
YFI,2024-07-29,5746.11,5859.96,5670.29,5732.0
YFI,2024-07-30,5732.0,5814.24,5622.71,5646.34
YFI,2024-07-31,5654.78,5753.12,5566.6,5599.54
YFI,2024-08-01,5599.65,5648.28,5315.16,5554.51
YFI,2024-08-02,5552.87,5650.86,5288.1,5409.06
YFI,2024-08-03,5409.06,5489.92,5169.72,5279.41
YFI,2024-08-04,5279.41,5353.83,5093.44,5242.28
YFI,2024-08-05,5247.73,5285.14,4335.68,4911.1
YFI,2024-08-06,4899.26,5114.85,4870.04,5022.71
YFI,2024-08-07,5028.11,5101.66,4732.96,4844.29
YFI,2024-08-08,4851.33,5110.14,4791.71,5083.96
YFI,2024-08-09,5093.32,5195.42,5023.65,5045.29
YFI,2024-08-10,5051.65,5168.03,5050.77,5132.75
YFI,2024-08-11,5131.0,5253.06,4913.03,4933.56
YFI,2024-08-12,4932.31,5160.12,4869.72,5053.71
YFI,2024-08-13,5053.71,5140.04,4995.35,5036.4
YFI,2024-08-14,5014.36,5141.81,5000.26,5023.25
YFI,2024-08-15,5025.25,5057.94,4845.02,4886.04
YFI,2024-08-16,4895.09,4985.69,4816.98,4933.07
YFI,2024-08-17,4935.28,4967.27,4848.31,4947.27
YFI,2024-08-18,4947.06,5119.62,4894.02,5119.17
YFI,2024-08-19,5117.24,5119.19,4935.62,5001.3
YFI,2024-08-20,4998.29,5113.82,4945.94,4994.85
YFI,2024-08-21,4999.24,5198.01,4970.17,5168.64
YFI,2024-08-22,5163.05,5277.69,5137.09,5261.58
YFI,2024-08-23,5260.39,5510.31,5222.44,5476.39
YFI,2024-08-24,5478.59,5710.3,5394.49,5489.24
YFI,2024-08-25,5486.61,5622.48,5340.14,5571.97
YFI,2024-08-26,5568.28,5613.58,5253.19,5270.55
YFI,2024-08-27,5282.69,5391.15,5086.34,5098.0
YFI,2024-08-28,5102.63,5389.19,4968.48,5313.74
YFI,2024-08-29,5312.74,5372.31,5120.58,5126.65
YFI,2024-08-30,5121.78,5244.15,5034.23,5142.5
YFI,2024-08-31,5145.05,5225.39,5127.77,5155.79
YFI,2024-09-01,5166.79,5200.73,4999.96,5106.3
YFI,2024-09-02,5106.3,5145.97,4948.93,5107.35
YFI,2024-09-03,5107.35,5134.27,4913.09,4921.66
YFI,2024-09-04,4922.85,5064.98,4678.14,4947.23
YFI,2024-09-05,4947.91,4983.74,4812.42,4848.35
YFI,2024-09-06,4849.18,4955.12,4606.18,4673.46
YFI,2024-09-07,4673.46,4861.18,4667.73,4767.39
YFI,2024-09-08,4767.35,4922.74,4747.21,4903.38
YFI,2024-09-09,4902.85,5035.5,4892.15,4994.82
YFI,2024-09-10,4994.69,5022.15,4903.78,4937.27
YFI,2024-09-11,4938.69,4955.93,4772.75,4855.23
YFI,2024-09-12,4855.31,4906.33,4819.81,4879.35
YFI,2024-09-13,4861.64,4936.26,4766.19,4907.66
YFI,2024-09-14,4901.79,5009.28,4858.03,4897.05
YFI,2024-09-15,4896.66,5025.55,4882.08,4896.88
YFI,2024-09-16,4909.73,4918.65,4759.38,4811.1
YFI,2024-09-17,4778.39,4950.07,4759.94,4885.28
YFI,2024-09-18,4885.28,4962.41,4677.06,4833.3
YFI,2024-09-19,4832.56,5080.58,4814.86,5010.69
YFI,2024-09-20,5014.21,5162.87,4942.38,5030.6
YFI,2024-09-21,5030.65,5087.84,4971.77,5020.05
YFI,2024-09-22,5014.7,5080.04,4913.07,4966.18
YFI,2024-09-23,4977.6,5071.51,4897.54,5013.95
YFI,2024-09-24,5022.59,5112.47,4997.08,5096.96
YFI,2024-09-25,5096.9,5186.42,5088.61,5178.98
YFI,2024-09-26,5177.45,5357.23,5072.8,5280.92
YFI,2024-09-27,5283.77,5472.29,5267.4,5388.69
YFI,2024-09-28,5388.69,5452.35,5239.01,5368.87
YFI,2024-09-29,5363.21,5601.44,5262.75,5559.1
YFI,2024-09-30,5560.22,5596.57,5307.53,5449.96
YFI,2024-10-01,5453.16,5489.92,4906.8,4962.53
YFI,2024-10-02,4965.53,5056.01,4815.16,4872.84
YFI,2024-10-03,4864.85,4993.26,4778.57,4851.27
YFI,2024-10-04,4850.57,5028.45,4826.13,5012.29
YFI,2024-10-05,5010.09,5022.14,4908.09,4909.09
YFI,2024-10-06,4916.83,5064.17,4910.52,5025.94
YFI,2024-10-07,5029.31,5172.55,5000.19,5097.43
YFI,2024-10-08,5089.68,5126.65,4964.1,5024.13
YFI,2024-10-09,5027.87,5031.23,4841.62,4864.08
YFI,2024-10-10,4869.55,4951.05,4783.25,4833.62
YFI,2024-10-11,4834.5,4956.73,4824.07,4933.19
YFI,2024-10-12,4940.18,5011.69,4905.01,4960.28
YFI,2024-10-13,4960.88,4969.64,4806.95,4869.84
YFI,2024-10-14,4872.33,5046.15,4851.62,5033.4
YFI,2024-10-15,5034.94,5151.68,4949.45,4980.56
YFI,2024-10-16,4982.75,5067.46,4972.98,5013.81
YFI,2024-10-17,5013.76,5049.29,4876.69,4919.63
YFI,2024-10-18,4927.65,4988.7,4910.16,4977.53
YFI,2024-10-19,4977.53,5079.36,4968.58,5076.99
YFI,2024-10-20,5076.2,5194.73,5023.18,5168.52
YFI,2024-10-21,5178.87,5220.46,5026.28,5118.63
YFI,2024-10-22,5102.37,5126.45,5013.83,5099.17
YFI,2024-10-23,5102.1,5147.54,4832.96,4904.16
YFI,2024-10-24,4907.64,4998.99,4847.26,4993.76
YFI,2024-10-25,4994.2,5013.63,4775.04,4835.13
YFI,2024-10-26,4835.36,4859.03,4551.02,4642.02
YFI,2024-10-27,4642.02,4748.21,4631.54,4741.13
YFI,2024-10-28,4741.81,4808.58,4626.22,4769.49
YFI,2024-10-29,4772.52,5031.4,4759.94,5023.19
YFI,2024-10-30,5027.24,5040.28,4890.66,4920.21
YFI,2024-10-31,4922.25,4946.09,4683.69,4717.49
YFI,2024-11-01,4718.31,4794.29,4645.66,4682.08
YFI,2024-11-02,4680.88,4734.99,4581.27,4628.61
YFI,2024-11-03,4632.7,4646.4,4446.29,4601.4
YFI,2024-11-04,4599.07,4616.77,4385.57,4450.52
YFI,2024-11-05,4458.84,4607.58,4448.67,4553.43
YFI,2024-11-06,4553.04,5112.54,4537.38,5110.94
YFI,2024-11-07,5112.04,5299.19,5030.17,5115.34
YFI,2024-11-08,5114.9,5295.85,5044.03,5257.44
YFI,2024-11-09,5256.82,5376.28,5189.22,5373.89
YFI,2024-11-10,5373.89,8086.83,5319.88,6918.45
YFI,2024-11-11,6913.21,7235.65,6562.8,6715.32
YFI,2024-11-12,6710.04,6908.3,6044.98,6561.41
YFI,2024-11-13,6525.61,6575.2,5913.69,6312.44
YFI,2024-11-14,6312.37,6451.03,6019.27,6206.38
YFI,2024-11-15,6206.27,6263.45,5897.15,6217.75
YFI,2024-11-16,6271.88,6573.05,6233.98,6477.52
YFI,2024-11-17,6547.74,6547.74,6043.5,6090.4
YFI,2024-11-18,6091.69,6492.52,6060.67,6362.13
YFI,2024-11-19,6363.41,6448.17,6188.87,6261.73
YFI,2024-11-20,6261.44,6363.87,5995.28,6103.66
YFI,2024-11-21,6103.66,6635.9,5923.59,6556.72
YFI,2024-11-22,6554.68,6699.29,6282.27,6404.18
YFI,2024-11-23,6399.17,7621.48,6397.97,7279.11
YFI,2024-11-24,7284.12,7962.66,6862.1,7405.17
YFI,2024-11-25,7404.16,7685.22,7093.69,7269.37
YFI,2024-11-26,7275.51,7445.87,6842.76,7153.95
YFI,2024-11-27,7153.92,7605.04,7039.93,7558.54
YFI,2024-11-28,7557.09,7582.92,7209.8,7394.13
YFI,2024-11-29,7414.17,7763.21,7251.38,7727.87
YFI,2024-11-30,7728.35,8413.53,7583.0,7953.57
YFI,2024-12-01,7951.97,8180.73,7796.96,7934.1
YFI,2024-12-02,7940.85,8512.01,7655.83,8486.59
YFI,2024-12-03,8486.02,9414.62,8352.02,8988.52
YFI,2024-12-04,9234.11,10484.8,9023.51,10484.8
YFI,2024-12-05,10470.9,12466.3,9845.0,11627.7
YFI,2024-12-06,11674.8,14436.5,11531.3,13666.3
YFI,2024-12-07,13668.7,14591.7,13129.1,13758.6
YFI,2024-12-08,13757.4,14177.7,12521.8,12895.3
YFI,2024-12-09,12894.2,13134.2,8895.03,10074.4
YFI,2025-01-27,7389.13,7410.12,6730.31,7271.92
YFI,2025-01-28,7259.29,7343.37,6816.88,6872.6
YFI,2025-01-29,6868.45,7229.29,6808.6,7200.5
YFI,2025-01-30,7207.64,7392.44,7015.25,7137.34
YFI,2025-01-31,7134.41,7474.35,7089.39,7207.63
YFI,2025-02-01,7188.63,7244.74,6603.02,6618.92
YFI,2025-02-02,6623.89,6820.02,5692.59,5832.64
YFI,2025-02-03,5859.9,6457.84,4874.88,6439.63
YFI,2025-02-04,6424.01,6426.72,5794.44,5932.31
YFI,2025-02-05,5931.94,6124.86,5854.83,5917.88
YFI,2025-02-06,5907.71,6069.86,5563.51,5687.04
YFI,2025-02-07,5729.71,5949.07,5556.9,5574.89
YFI,2025-02-08,5572.16,5737.63,5561.69,5718.29
YFI,2025-02-09,5724.17,5896.71,5501.25,5721.44
YFI,2025-02-10,5718.75,5806.16,5554.43,5726.5
YFI,2025-02-11,5715.39,5997.06,5642.28,5790.74
YFI,2025-02-12,5790.95,6126.33,5692.08,6106.76
YFI,2025-02-13,6105.73,6110.82,5829.68,6041.98
YFI,2025-02-14,6042.56,6268.89,5934.06,6141.56
YFI,2025-02-15,6134.44,6170.98,5933.17,5984.93
YFI,2025-02-16,5987.98,6092.24,5894.93,5957.23
YFI,2025-02-17,5981.23,6092.55,5823.39,6038.51
YFI,2025-02-18,6040.4,6043.33,5679.39,5736.07
YFI,2025-02-19,5738.5,5854.84,5598.38,5721.93
YFI,2025-02-20,5730.83,6103.95,5730.83,5919.3
YFI,2025-02-21,5919.36,6176.42,5734.79,5806.84
YFI,2025-02-22,5811.83,6105.93,5769.83,6012.65
YFI,2025-02-23,6035.52,6123.34,5937.15,5949.36
YFI,2025-02-24,5939.42,6035.38,5523.51,5576.88
YFI,2025-02-25,5555.99,5777.94,5298.82,5724.79
YFI,2025-02-26,5703.05,6058.91,5438.34,5617.52
YFI,2025-02-27,5608.54,5811.24,5551.31,5671.7
YFI,2025-02-28,5710.93,5736.26,5240.67,5549.43
YFI,2025-03-01,5549.43,5636.66,5390.02,5540.99
YFI,2025-03-02,5539.99,6062.21,5424.52,5937.85
YFI,2025-03-03,5929.8,6043.59,5235.03,5398.31
YFI,2025-03-04,5408.84,5447.1,5096.84,5378.59
YFI,2025-03-05,5378.54,5532.46,5271.05,5520.09
YFI,2025-03-06,5517.55,5713.96,5340.16,5429.66
YFI,2025-03-07,5439.65,5566.73,5205.24,5352.98
YFI,2025-03-08,5350.97,5385.96,5224.44,5296.51
YFI,2025-03-09,5294.73,5358.17,4924.72,4959.86
YFI,2025-03-10,4986.2,5247.6,4791.36,4912.73
YFI,2025-03-11,4912.73,5147.64,4706.04,5110.86
YFI,2025-03-12,5111.4,5135.3,4900.92,5116.9
YFI,2025-03-13,5105.97,5116.65,4853.11,4986.04
YFI,2025-03-14,4976.84,5140.68,4935.8,5099.89
YFI,2025-03-15,5107.88,5212.54,5036.23,5206.55
YFI,2025-03-16,5207.71,5214.86,4925.78,4960.47
YFI,2025-03-17,4959.77,5109.57,4903.92,5091.43
YFI,2025-03-18,5098.47,5148.29,4942.4,5026.69
YFI,2025-03-19,5024.68,5481.14,5019.68,5370.15
YFI,2025-03-20,5370.63,5428.69,5118.51,5187.18
YFI,2025-03-21,5186.57,5288.14,5084.15,5140.69
YFI,2025-03-22,5140.69,5255.15,5107.64,5209.31
YFI,2025-03-23,5209.31,5219.67,5092.75,5118.24
YFI,2025-03-24,5125.24,5470.05,5112.17,5459.78
YFI,2025-03-25,5464.15,5491.9,5309.96,5430.27
YFI,2025-03-26,5428.17,5541.51,5261.2,5323.94
YFI,2025-03-27,5323.37,5451.86,5241.65,5321.67
YFI,2025-03-28,5322.2,5368.49,4928.07,4968.78
YFI,2025-03-29,4976.46,5026.54,4642.31,4701.59
YFI,2025-03-30,4697.83,4979.81,4653.63,4827.25
YFI,2025-03-31,4824.77,4862.7,4703.3,4788.94
YFI,2025-04-01,4795.22,5010.0,4766.12,4903.67
YFI,2025-04-02,4899.19,4980.32,4734.66,4765.01
YFI,2025-04-03,4769.22,4804.62,4570.21,4725.5
YFI,2025-04-04,4727.93,4888.53,4629.54,4824.85
YFI,2025-04-05,4825.18,4888.86,4770.18,4783.69
YFI,2025-04-06,4784.17,4826.4,4519.37,4531.66
YFI,2025-04-07,4531.66,4690.26,4067.03,4589.71
YFI,2025-04-08,4591.85,4628.43,4361.77,4439.06
YFI,2025-04-09,4433.5,4809.37,4319.64,4799.38
YFI,2025-04-10,4803.38,4828.32,4320.26,4422.6
YFI,2025-04-11,4422.66,4666.81,4398.0,4666.81
YFI,2025-04-12,4666.71,4794.41,4519.74,4790.22
YFI,2025-04-13,4790.21,4794.1,4534.62,4572.39
YFI,2025-04-14,4566.73,4719.22,4504.83,4525.31
YFI,2025-04-15,4527.83,4575.37,4451.95,4482.02
YFI,2025-04-16,4501.83,4533.92,4342.57,4456.49
YFI,2025-04-17,4458.05,4518.56,4385.17,4496.14
YFI,2025-04-18,4496.14,4539.47,4417.61,4488.52
YFI,2025-04-19,4488.52,4596.0,4476.06,4572.6
YFI,2025-04-20,4575.45,4721.44,4515.53,4697.94
YFI,2025-04-21,4707.94,4832.87,4642.9,4715.35
YFI,2025-04-22,4723.59,4975.77,4661.11,4969.61
YFI,2025-04-23,4969.51,5203.48,4936.21,5148.13
YFI,2025-04-24,5152.35,5212.37,4973.31,5200.8
YFI,2025-04-25,5204.18,5347.4,5161.32,5287.44
YFI,2025-04-26,5316.91,5860.99,5279.75,5726.93
YFI,2025-04-27,5721.66,6324.33,5647.01,6302.65
YFI,2025-04-28,6297.46,6311.49,5759.05,5889.4
YFI,2025-04-29,5902.59,5963.82,5659.84,5670.17
YFI,2025-04-30,5666.78,5709.04,5330.73,5599.11
YFI,2025-05-01,5607.22,5768.07,5547.68,5650.35
YFI,2025-05-02,5648.79,5710.36,5539.09,5623.1
YFI,2025-05-03,5622.78,5654.08,5400.29,5445.5
YFI,2025-05-04,5447.3,5497.86,5191.75,5250.7
YFI,2025-05-05,5244.2,5378.49,5186.68,5220.63
YFI,2025-05-06,5224.62,5302.09,5010.69,5016.69
YFI,2025-05-07,5016.69,5195.2,5003.81,5164.71
YFI,2025-05-08,5174.25,5894.04,5162.53,5850.05
YFI,2025-05-09,5850.04,6197.43,5832.56,6015.77
YFI,2025-05-10,6016.37,6472.71,6007.77,6466.17
YFI,2025-05-11,6466.17,6588.26,6247.79,6356.21
YFI,2025-05-12,6357.05,6599.57,5927.22,6195.62
YFI,2025-05-13,6195.49,6431.11,5863.43,6349.1
YFI,2025-05-14,6342.51,6404.25,6015.28,6021.35
YFI,2025-05-15,6019.57,6085.33,5680.35,5680.98
YFI,2025-05-16,5682.65,5892.6,5650.35,5745.99
YFI,2025-05-17,5745.97,5764.37,5487.76,5505.65
YFI,2025-05-18,5506.14,5856.19,5378.04,5577.7
YFI,2025-05-19,5580.89,5682.65,5376.5,5552.23
YFI,2025-05-20,5543.21,5663.3,5392.21,5621.66
YFI,2025-05-21,5621.66,5815.55,5539.9,5668.35
YFI,2025-05-22,5670.05,5947.19,5639.18,5859.04
YFI,2025-05-23,5866.49,6045.65,5566.33,5658.84
YFI,2025-05-24,5676.9,5706.19,5546.12,5591.89
YFI,2025-05-25,5589.89,5609.92,5437.24,5509.86
YFI,2025-05-26,5504.86,5680.53,5472.85,5601.21
YFI,2025-05-27,5604.53,5767.21,5489.59,5647.52
YFI,2025-05-28,5653.04,5729.27,5470.04,5521.05
YFI,2025-05-29,5521.05,5740.87,5456.76,5502.81
YFI,2025-05-30,5516.14,5560.28,5105.42,5211.68
YFI,2025-05-31,5215.63,5234.18,4985.7,5214.8
YFI,2025-06-01,5227.29,5300.78,5159.26,5279.01
YFI,2025-06-02,5280.48,5331.8,5170.75,5304.79
YFI,2025-06-03,5311.8,5409.77,5288.32,5318.54
YFI,2025-06-04,5318.93,5367.4,5139.79,5174.4
YFI,2025-06-05,5175.36,5248.85,4956.75,5042.3
YFI,2025-06-06,5040.72,5148.59,4963.68,5117.12
YFI,2025-06-07,5118.36,5278.54,5075.44,5270.35
YFI,2025-06-08,5254.93,5270.91,5155.7,5228.42
YFI,2025-06-09,5230.46,5334.07,5102.85,5261.36
YFI,2025-06-10,5261.31,5628.44,5248.17,5540.45
YFI,2025-06-11,5541.0,5902.4,5541.0,5561.54
YFI,2025-06-12,5562.1,5594.57,5315.08,5375.03
YFI,2025-06-13,5373.46,5373.46,4990.32,5152.72
YFI,2025-06-14,5154.61,5197.24,5056.42,5107.37
YFI,2025-06-15,5067.49,5183.58,5009.74,5030.7
YFI,2025-06-16,5029.3,5278.35,5002.19,5254.93
YFI,2025-06-17,5250.4,5251.97,4979.32,5007.86
YFI,2025-06-18,5011.81,5084.35,4916.66,5019.1
YFI,2025-06-19,5023.8,5082.99,4954.07,4991.07
YFI,2025-06-20,5007.81,5070.24,4802.7,4875.87
YFI,2025-06-21,4877.35,4940.29,4667.89,4676.54
YFI,2025-06-22,4677.08,4730.15,4381.92,4546.83
YFI,2025-06-23,4558.91,4989.22,4511.97,4983.66
YFI,2025-06-24,4988.68,5206.96,4947.67,5199.47
YFI,2025-06-25,5197.68,5271.28,5095.06,5139.92
YFI,2025-06-26,5157.58,5176.96,5010.04,5026.22
YFI,2025-06-27,5018.7,5072.87,4960.65,4970.49
YFI,2025-06-28,4966.65,5083.85,4951.28,5052.73
YFI,2025-06-29,5066.72,5096.29,4996.65,5075.66
YFI,2025-06-30,5066.21,5296.74,5054.8,5130.83
YFI,2025-07-01,5156.29,5156.91,4886.98,4911.22
YFI,2025-07-02,4902.45,5275.74,4885.08,5251.14
YFI,2025-07-03,5250.33,5292.98,5159.42,5271.47
YFI,2025-07-04,5262.35,5284.24,5034.7,5049.11
YFI,2025-07-05,5050.4,5119.36,5001.58,5043.71
YFI,2025-07-06,5034.41,5204.28,5025.42,5181.23
YFI,2025-07-07,5177.32,5233.89,5060.71,5088.24
YFI,2025-07-08,5087.63,5192.81,5061.88,5171.17
YFI,2025-07-09,5181.51,5518.0,5144.28,5480.36
YFI,2025-07-10,5480.52,5732.11,5344.8,5725.49
YFI,2025-07-11,5720.77,5808.7,5587.15,5607.83
YFI,2025-07-12,5607.46,5681.23,5467.76,5533.15
YFI,2025-07-13,5616.12,5746.14,5576.04,5655.38
YFI,2025-07-14,5651.76,5809.7,5522.08,5576.39
YFI,2025-07-15,5580.87,5751.85,5457.92,5674.93
YFI,2025-07-16,5677.66,6082.61,5643.15,6023.92
YFI,2025-07-17,6030.81,6045.32,5782.62,5973.0
YFI,2025-07-18,5980.55,6349.29,5914.7,6040.15
YFI,2025-07-19,6035.37,6146.38,5884.02,6084.63
YFI,2025-07-20,6085.31,6337.58,6058.33,6261.02
YFI,2025-07-21,6235.92,6297.51,6054.12,6103.96
YFI,2025-07-22,6104.83,6234.83,5912.52,6103.6
YFI,2025-07-23,6111.33,6166.08,5534.04,5614.3
YFI,2025-07-24,5594.62,5743.01,5374.57,5627.79
YFI,2025-07-25,5598.11,5634.9,5298.57,5509.35
YFI,2025-07-26,5507.1,5631.04,5499.47,5580.11
YFI,2025-07-27,5616.18,5704.28,5559.9,5703.19
YFI,2025-07-28,5710.84,5812.7,5451.84,5484.84
YFI,2025-07-29,5474.35,5618.54,5348.63,5452.64
YFI,2025-07-30,5445.54,5481.86,5216.92,5388.07
YFI,2025-07-31,5396.67,5542.27,5252.67,5263.03
YFI,2025-08-01,5245.33,5307.6,5039.6,5094.4
YFI,2025-08-02,5090.13,5119.41,4945.19,5019.27
YFI,2025-08-03,5021.21,5127.32,4978.75,5127.32
YFI,2025-08-04,5117.27,5365.15,5105.04,5354.4
YFI,2025-08-05,5351.97,5370.0,5151.75,5160.41
YFI,2025-08-06,5139.55,5317.0,5130.56,5262.99
YFI,2025-08-07,5266.29,5479.34,5213.45,5440.02
YFI,2025-08-08,5453.27,5663.14,5425.48,5635.75
YFI,2025-08-09,5630.02,5990.46,5586.25,5960.49
YFI,2025-08-10,5960.18,6190.19,5746.43,5861.15
YFI,2025-08-11,5861.89,5987.37,5605.24,5621.42
YFI,2025-08-12,5629.76,5926.48,5541.23,5854.27
YFI,2025-08-13,5847.01,6033.01,5821.41,6001.94
YFI,2025-08-14,5989.26,6107.27,5498.0,5530.56
YFI,2025-08-15,5530.27,5712.77,5476.28,5550.1
YFI,2025-08-16,5536.05,5658.45,5529.42,5628.61
YFI,2025-08-17,5632.26,5831.67,5595.1,5666.97
YFI,2025-08-18,5667.55,5720.42,5431.46,5563.71
YFI,2025-08-19,5564.99,5597.73,5366.7,5446.67
YFI,2025-08-20,5443.39,5612.41,5326.05,5599.81
YFI,2025-08-21,5603.01,5626.1,5373.65,5427.17
YFI,2025-08-22,5433.47,6096.17,5290.01,6030.13
YFI,2025-08-23,6020.07,6040.19,5802.98,5886.0
YFI,2025-08-24,5886.68,5982.9,5683.23,5806.4
YFI,2025-08-25,5806.29,5823.6,5273.54,5326.7
YFI,2025-08-26,5327.44,5562.98,5308.96,5540.86
YFI,2025-08-27,5545.15,5560.0,5438.67,5463.35
YFI,2025-08-28,5462.06,5593.76,5321.04,5442.64
YFI,2025-08-29,5450.5,5487.81,5236.65,5318.94
YFI,2025-08-30,5318.09,5399.31,5232.92,5325.0
YFI,2025-08-31,5325.33,5438.59,5319.35,5353.1
YFI,2025-09-01,5353.06,5360.16,5108.74,5137.05
YFI,2025-09-02,5132.88,5380.07,5113.01,5310.59
YFI,2025-09-03,5302.39,5350.17,5220.34,5330.48
YFI,2025-09-04,5338.29,5362.15,5108.32,5155.87
YFI,2025-09-05,5155.19,5322.49,5155.19,5238.02
YFI,2025-09-06,5237.92,5255.13,5135.74,5181.52
YFI,2025-09-07,5181.49,5257.57,5162.61,5191.51
YFI,2025-09-08,5187.53,5366.56,5183.82,5328.92
YFI,2025-09-09,5335.34,5504.14,5293.64,5335.7
YFI,2025-09-10,5335.73,5526.57,5322.99,5425.54
YFI,2025-09-11,5443.18,5513.96,5399.21,5461.61
YFI,2025-09-12,5460.29,5652.51,5458.71,5606.76
YFI,2025-09-13,5606.15,5739.31,5578.33,5654.67
YFI,2025-09-14,5644.33,5677.0,5429.22,5517.02
YFI,2025-09-15,5531.61,5574.23,5253.32,5354.76
YFI,2025-09-16,5356.67,5471.71,5290.42,5462.1
YFI,2025-09-17,5462.17,5489.34,5324.06,5462.67
YFI,2025-09-18,5462.39,5586.85,5458.15,5534.79
YFI,2025-09-19,5533.17,5551.71,5303.88,5322.94
YFI,2025-09-20,5322.87,5388.03,5265.0,5358.54
YFI,2025-09-21,5359.66,5391.15,5288.87,5319.11
YFI,2025-09-22,5318.76,5319.76,4925.41,5071.85
YFI,2025-09-23,5071.3,5196.13,5005.54,5142.46
YFI,2025-09-24,5141.56,5223.31,5087.57,5195.27
YFI,2025-09-25,5186.61,5204.43,4880.76,5008.11
YFI,2025-09-26,5016.71,5244.13,4948.69,5214.4
YFI,2025-09-27,5213.62,5216.84,5080.7,5158.55
YFI,2025-09-28,5159.03,5434.91,5054.79,5373.37
YFI,2025-09-29,5374.41,5471.05,5308.0,5383.66
YFI,2025-09-30,5379.12,5426.58,5250.82,5408.72
YFI,2025-10-01,5408.16,5561.35,5323.54,5529.74
YFI,2025-10-02,5516.25,5622.29,5454.73,5552.89
YFI,2025-10-03,5552.86,5625.26,5488.44,5561.17
YFI,2025-10-04,5561.93,5584.23,5365.22,5428.4
YFI,2025-10-05,5429.646,5612.834,5376.147,5384.111
YFI,2025-10-06,5391.366,5600.117,5377.838,5568.649
YFI,2025-10-07,5568.109,5584.034,5400.308,5409.684
YFI,2025-10-08,5409.914,5508.533,5234.856,5425.527
YFI,2025-10-09,5424.815,5442.68,5255.861,5275.774
YFI,2025-10-10,5284.589,5400.228,3905.392,4754.768
YFI,2025-10-11,4772.73,4796.852,4418.379,4672.554
YFI,2025-10-12,4681.344,4947.285,4614.12,4876.525
YFI,2025-10-13,4911.626,5072.791,4807.403,5028.181
YFI,2025-10-14,5037.149,5072.137,4648.61,4908.844
YFI,2025-10-15,4912.455,5035.442,4751.414,4768.88
YFI,2025-10-16,4769.29,4864.795,4615.868,4661.674
YFI,2025-10-17,4678.471,4730.124,4454.651,4696.557
YFI,2025-10-19,4735.126,4908.733,4705.782,4874.029
YFI,2025-10-20,4880.982,4938.908,4759.093,4856.642
YFI,2025-10-21,4856.932,5011.004,4714.204,4889.722
YFI,2025-10-22,4901.699,4901.779,4593.278,4643.093
YFI,2025-10-23,4642.642,4807.122,4633.086,4757.933
YFI,2025-10-24,4749.944,4829.078,4710.912,4767.693
YFI,2025-10-25,4766.82,4776.125,4704.911,4749.044
YFI,2025-10-26,4750.185,4910.802,4750.185,4892.008
YFI,2025-10-27,4899.7,4992.749,4727.023,4749.145
YFI,2025-10-28,4748.235,4894.71,4738.277,4788.598
YFI,2025-10-29,4785.497,4802.94,4650.15,4746.219
YFI,2025-10-30,4748.73,4780.226,4510.801,4601.43
YFI,2025-10-31,4601.95,4722.758,4574.717,4647.885
YFI,2025-11-01,4648.78,4720.216,4647.73,4691.182
YFI,2025-11-02,4691.462,4746.99,4613.94,4659.374
YFI,2025-11-03,4665.15,4718.67,4448.975,4535.306
YFI,2025-11-04,4534.826,4612.52,4236.049,4364.25
YFI,2025-11-05,4373.363,4493.96,4160.21,4470.98
YFI,2025-11-06,4470.7,4862.957,4411.18,4799.56
YFI,2025-11-07,4791.083,5337.864,4750.574,5197.96
YFI,2025-11-08,5197.96,5203.439,4840.032,4866.027
YFI,2025-11-09,4861.514,5014.0,4735.053,5006.0
YFI,2025-11-10,5027.0,5053.0,4855.0,5024.995
YFI,2025-11-11,5010.499,5031.993,4777.522,4819.518
YFI,2025-11-12,4816.518,4931.0,4698.0,4813.0
YFI,2025-11-13,4811.519,5076.83,4630.677,4719.611
YFI,2025-11-14,4711.143,4772.828,4571.0,4600.547
YFI,2025-11-15,4602.915,4683.117,4533.208,4654.042
YFI,2025-11-16,4656.181,4697.77,4484.277,4550.004
YFI,2025-11-17,4550.564,4706.894,4178.446,4248.323
YFI,2025-11-18,4245.131,4475.679,4180.474,4453.783
YFI,2025-11-19,4453.803,4465.49,4196.14,4327.891
YFI,2025-11-20,4324.967,4386.198,4132.477,4216.752
YFI,2025-11-21,4220.079,4245.35,3873.701,3987.694
YFI,2025-11-22,3987.675,4076.647,3963.384,4073.89
YFI,2025-11-23,4055.783,4112.354,4002.398,4017.196
YFI,2025-11-24,4018.196,4222.438,3983.805,4194.62
YFI,2025-11-25,4195.58,4200.28,4060.092,4141.067
YFI,2025-11-26,4149.895,4170.0,4062.637,4136.944
YFI,2025-11-27,4136.904,4165.94,4083.04,4114.273
YFI,2025-11-28,4113.723,4159.247,4041.696,4144.283
YFI,2025-11-29,4143.148,4256.992,4091.416,4117.235
YFI,2025-11-30,4112.284,4164.913,4042.078,4139.594
YFI,2025-12-01,4122.912,4176.835,3777.47,3868.734
YFI,2025-12-02,3876.918,3893.048,3495.049,3702.23
YFI,2025-12-03,3692.406,4061.784,3674.686,3954.406
YFI,2025-12-04,3954.371,3980.534,3731.325,3767.096
YFI,2025-12-05,3765.005,3851.15,3607.782,3630.519
YFI,2025-12-06,3629.951,3780.844,3561.918,3684.015
YFI,2025-12-07,3697.638,3728.648,3523.775,3659.808
YFI,2025-12-08,3657.777,3771.787,3645.249,3709.042
YFI,2025-12-09,3710.392,3777.328,3593.879,3697.55
YFI,2025-12-10,3706.761,3864.086,3690.328,3760.398
YFI,2025-12-11,3766.76,3770.031,3605.641,3679.696
YFI,2025-12-12,3670.891,3689.116,3505.611,3559.758
YFI,2025-12-13,3564.519,3611.643,3539.728,3604.771
YFI,2025-12-14,3603.531,3609.683,3456.072,3464.515
YFI,2025-12-15,3474.169,3533.667,3290.668,3370.297
YFI,2025-12-16,3370.65,3428.44,3298.17,3376.34
YFI,2025-12-17,3376.55,3413.94,3106.079,3144.531
YFI,2025-12-18,3144.581,3260.368,3067.586,3186.224
YFI,2025-12-19,3186.714,3471.361,3081.495,3407.227
YFI,2025-12-20,3407.127,3456.643,3337.854,3396.051
YFI,2025-12-21,3396.431,3433.32,3316.578,3373.875
YFI,2025-12-22,3409.328,3514.319,3371.266,3407.148
YFI,2025-12-23,3407.318,3428.081,3312.444,3358.992
YFI,2025-12-24,3362.075,3391.482,3261.995,3358.302
